0 92 98 72 99 7 1 73 50 2 9 93 14 75 44 35 77 36 62 49 42 82 27 85 90 17 63 92 11 87 44 56 88 95 39 40 8 73 27 78 42 7 87 96 72 21 62 83 46 100 89 40 26 91 71 72 78 63 48 6 69 21 72 87 98 70 69 77 57 58 36 64 3 96 80 1 56 61 84 27 27 27 37 92 18 16 99 75 78 35 8 71 57 62 9 93 94 8 37 85 18 5 3 99 85 16 48 80 6 64 58 17 98 6 39 67 49 14 20 80 23 88 3 98 95 49 94 90 94 90 23 58 18 24 45 87 71 33 84 88 50 9 76 67 40 13 86 47 41 20 60 69 85 3 85 83 51 99 8 90 12 23 65 63 70 3 93 60 86 71 71 63 99 13 11 55 41 15 2 59 64 7 53 28 4 79 39 6 80 99 10 73 38 36 1 20 7 72 23 54
23 0 79 22 93 22 36 42 63 56 4 100 47 11 58 50 7 23 81 8 59 63 46 72 51 26 16 58 32 78 96 19 65 8 97 12 76 40 9 97 34 43 98 59 6 62 94 40 52 24 56 29 86 92 75 42 100 36 76 97 17 26 54 82 25 5 52 41 97 23 41 16 75 64 2 51 10 81 11 29 46 57 49 37 80 19 63 81 64 2 52 69 74 6 91 19 99 20 100 9 56 63 43 80 32 16 47 40 50 19 80 65 33 39 91 92 79 80 61 96 52 87 99 54 51 65 70 86 13 87 19 9 69 74 4 84 12 3 87 59 34 49 10 6 93 30 71 50 40 94 62 3 2 94 70 96 17 100 17 48 64 84 42 92 1 22 87 69 55 60 34 95 51 63 20 26 69 54 5 64 72 7 30 63 24 64 4 32 46 63 72 48 45 53 96 74 30 25 61 18
33 97 0 57 33 71 69 35 40 71 6 60 77 25 45 72 51 20 5 34 93 71 90 48 42 82 6 63 32 86 21 1 59 18 56 84 51 15 35 86 9 43 19 1 65 5 57 1 83 64 96 79 8 36 41 29 31 33 65 83 69 47 34 92 100 46 18 62 59 51 9 14 71 23 29 11 29 30 10 4 24 22 19 52 95 2 91 10 58 21 81 21 53 39 10 58 94 21 67 99 25 100 94 66 12 52 8 35 100 2 94 10 13 100 92 25 40 43 37 24 47 69 77 65 77 5 47 98 36 12 55 97 79 60 83 63 28 70 64 4 2 36 15 87 70 97 4 21 87 52 64 14 99 67 14 94 64 68 63 17 35 85 42 42 79 81 84 1 90 46 8 43 56 99 3 77 60 13 47 60 6 38 41 93 61 34 88 9 98 38 60 94 9 5 83 46 81 61 61 47
50 86 22 0 68 8 41 68 31 21 48 81 15 35 20 91 52 21 90 99 37 24 2 63 50 92 73 11 14 95 50 29 78 4 23 56 82 69 89 46 39 12 34 38 54 34 5 57 52 83 87 14 63 81 32 15 44 24 51 90 5 35 75 94 77 29 94 99 82 8 59 91 34 26 99 17 65 25 15 34 1 60 9 75 27 5 16 14 81 59 5 56 73 37 47 74 69 76 65 7 87 59 43 9 51 77 7 91 26 30 53 7 38 11 40 88 96 24 90 42 1 31 61 49 91 99 96 82 85 9 70 39 42 81 21 26 71 16 86 64 44 60 35 8 52 73 28 34 22 99 38 36 87 16 81 76 25 51 97 78 30 4 72 96 14 31 17 88 13 11 64 16 13 24 65 29 34 93 54 60 22 45 28 20 27 68 92 82 67 12 78 78 84 82 35 75 28 23 8 95
38 39 65 59 0 49 57 91 9 17 63 64 20 32 46 76 34 23 89 18 83 28 35 43 81 34 7 90 46 67 3 84 33 14 23 18 8 97 23 45 46 8 55 39 33 11 43 83 74 8 54 19 31 49 62 52 80 73 89 31 50 36 11 18 41 48 28 9 53 57 82 11 18 88 86 56 90 80 39 27 91 97 88 50 78 22 36 41 79 68 50 53 94 67 82 99 10 56 100 64 12 84 55 49 62 45 47 25 52 46 35 74 18 8 90 69 83 34 22 34 74 96 89 48 60 79 76 97 53 27 97 37 46 27 57 7 98 42 78 88 51 42 53 66 11 33 8 64 40 61 18 68 13 4 19 8 94 17 17 34 34 93 19 50 50 58 65 13 65 79 28 87 86 60 83 33 78 41 30 53 79 5 15 93 96 17 58 25 17 84 94 44 73 89 44 89 26 71 81 44
61 70 28 64 63 0 11 77 85 15 40 93 89 33 87 29 78 42 98 12 56 17 41 49 81 37 28 66 72 4 21 75 58 96 28 14 22 52 36 41 48 1 77 76 92 73 58 45 76 60 52 89 55 18 67 61 8 56 62 52 18 93 50 7 65 39 16 6 69 66 62 85 29 37 40 4 46 73 55 34 49 42 91 48 11 83 7 63 76 36 50 83 11 33 59 31 87 42 27 33 40 17 74 40 19 80 95 47 100 7 77 68 83 36 98 89 77 41 89 89 83 10 56 86 31 68 7 1 66 45 72 3 73 53 51 3 24 67 76 19 68 57 74 12 73 73 2 60 71 96 4 30 44 62 25 61 62 14 75 61 88 7 61 66 3 29 26 97 99 61 95 80 32 5 90 57 98 75 34 18 79 84 97 7 19 59 1 92 16 86 2 17 59 9 82 88 30 99 22 6
48 73 37 64 38 67 0 62 27 88 12 3 66 51 45 71 3 56 63 75 72 5 5 53 71 98 48 97 76 54 89 56 42 23 70 93 25 100 69 82 35 54 77 56 16 5 23 19 94 47 12 8 4 9 63 79 54 41 77 7 82 8 28 100 82 92 73 96 86 93 33 97 59 88 82 18 65 52 33 60 52 36 39 3 73 4 20 29 91 72 3 86 7 22 48 17 61 76 54 22 20 28 57 16 6 66 27 81 11 75 56 35 78 47 24 5 37 66 4 35 1 23 81 86 58 93 48 28 76 37 73 14 10 47 71 34 41 80 95 84 41 20 80 76 31 89 38 98 70 72 50 56 96 78 26 31 92 18 70 8 85 24 73 97 84 25 44 40 26 2 59 4 12 66 61 74 4 84 3 5 56 60 60 76 20 33 67 16 3 55 52 62 42 38 56 30 15 70 11 46
52 88 75 92 62 89 59 0 41 11 38 61 58 22 72 40 37 78 4 56 81 73 1 7 13 31 57 40 18 53 18 50 87 35 10 23 73 42 33 1 82 34 5 73 67 8 78 99 33 1 51 65 71 22 81 15 78 58 42 62 37 61 77 35 55 56 88 67 78 45 74 88 25 45 54 55 9 66 84 16 88 50 55 50 38 16 86 59 64 97 6 14 34 12 83 15 35 22 59 23 16 77 84 89 89 46 74 75 39 92 24 41 15 43 6 54 77 69 39 93 69 80 8 8 37 92 4 6 35 2 5 62 66 57 71 73 83 35 64 53 51 27 4 24 81 34 49 42 21 68 98 75 46 33 23 75 43 64 77 96 86 58 96 73 49 78 76 19 75 3 39 64 13 91 55 86 15 99 9 67 77 82 50 30 9 14 45 32 60 36 68 40 77 84 46 68 61 82 33 2
20 71 1 37 70 78 13 55 0 1 44 60 26 30 90 83 22 26 7 13 83 63 29 10 100 20 100 21 11 69 20 47 37 34 18 65 84 69 34 42 55 46 35 24 14 99 16 49 83 24 22 15 52 9 38 36 2 86 20 35 81 18 20 55 77 22 20 27 5 72 10 74 54 83 4 40 38 49 29 100 16 20 33 91 51 26 7 8 15 35 86 18 84 23 59 23 74 48 50 99 55 4 39 5 83 67 5 27 61 84 75 88 27 22 7 93 7 45 25 24 39 84 37 49 74 9 88 53 20 95 38 77 8 8 95 99 47 79 92 59 32 15 81 29 58 29 77 93 6 78 87 46 81 45 6 20 96 7 39 12 74 76 47 5 22 93 37 84 54 23 76 51 87 59 48 71 54 29 97 7 82 74 73 36 15 81 52 42 42 22 21 27 2 26 62 75 10 14 58 52
12 26 34 71 14 43 26 30 31 0 35 21 71 92 89 4 85 87 49 31 9 96 2 52 100 34 34 1 63 72 65 8 31 37 40 33 71 88 100 6 50 72 19 65 1 80 86 79 53 78 96 28 60 93 66 67 26 43 52 43 94 60 46 38 14 76 74 5 15 39 37 92 48 35 40 68 62 5 38 42 32 40 95 85 19 86 7 7 65 33 51 60 6 13 66 84 55 18 96 10 51 81 67 69 30 74 51 2 100 53 56 17 78 61 6 44 59 19 92 62 13 79 95 21 56 24 73 91 80 84 61 1 75 47 46 28 10 18 28 31 80 90 61 73 47 96 48 73 66 84 66 63 62 31 37 53 81 38 58 82 75 31 50 93 35 93 69 9 62 99 2 16 15 5 76 85 27 42 97 99 13 97 8 23 4 35 25 80 67 84 82 25 30 26 70 63 92 90 72 29
28 17 29 76 31 74 70 14 38 28 0 54 82 16 58 43 29 31 44 58 23 84 49 84 33 63 32 82 49 88 4 32 83 83 7 94 63 6 56 51 59 100 87 11 74 80 86 34 49 99 46 97 93 51 72 41 97 28 16 6 17 16 77 33 75 30 78 97 54 31 69 34 68 65 58 15 88 19 90 86 95 97 33 26 66 31 76 40 17 8 51 85 31 53 78 67 26 43 6 37 87 49 43 8 33 50 80 71 99 3 62 11 92 79 32 84 79 78 38 6 77 87 45 87 9 21 27 64 94 93 3 31 97 50 35 68 55 37 60 10 43 42 50 60 39 98 9 35 95 87 22 39 34 81 10 70 5 26 64 99 26 48 21 90 45 73 85 19 17 75 47 17 21 38 85 94 84 43 98 36 74 38 12 78 60 70 25 47 31 59 80 50 35 12 44 47 21 38 53 36
43 13 89 4 56 34 21 44 52 60 36 0 67 4 63 80 40 33 2 76 29 25 87 88 37 55 17 59 61 44 85 18 8 6 61 6 38 4 93 64 87 78 71 30 95 66 6 45 12 83 57 49 41 57 32 57 58 93 63 63 45 59 66 82 91 53 1 86 12 13 61 71 2 42 90 26 49 71 27 88 91 45 11 69 74 90 97 69 10 2 18 80 75 9 81 63 84 12 76 20 41 28 29 90 46 73 31 2 12 92 2 69 44 35 76 28 70 17 98 96 71 80 10 46 78 94 82 34 28 20 29 5 66 89 73 85 15 70 77 76 61 27 23 72 84 50 96 58 65 21 35 32 57 69 72 92 75 46 70 54 70 28 2 5 82 94 85 75 44 85 72 66 28 39 99 65 94 93 44 22 53 86 24 19 60 93 30 92 9 58 59 37 98 96 70 88 46 5 37 29
78 42 28 28 68 49 52 71 99 49 62 93 0 47 84 97 58 75 14 14 20 85 49 78 13 74 64 41 58 1 45 85 75 36 82 89 92 61 43 19 100 99 44 56 7 57 56 66 65 74 78 50 85 58 67 12 36 100 49 19 91 84 66 1 89 7 20 67 17 13 32 25 46 65 88 96 44 47 65 28 80 70 41 64 71 13 57 51 76 20 82 76 94 87 13 6 3 26 17 34 2 17 92 4 22 78 96 56 80 5 71 61 91 15 33 14 26 90 54 9 25 83 36 84 84 29 29 66 33 98 44 34 84 60 56 10 31 25 1 39 31 42 31 90 9 36 68 58 37 20 94 12 61 49 94 43 77 15 47 70 50 70 53 71 67 83 55 42 63 35 74 44 80 62 92 28 32 2 2 19 29 55 70 38 82 81 88 90 93 44 65 83 43 31 72 85 26 21 81 51
56 75 67 9 52 58 35 29 10 84 69 16 95 0 45 37 42 74 52 58 91 87 73 9 19 24 9 10 49 39 64 86 3 40 90 81 65 71 82 62 71 11 67 83 39 28 55 11 32 71 41 93 79 89 13 31 48 89 39 82 97 56 92 19 81 93 28 55 80 97 41 43 8 61 38 99 39 99 48 40 32 66 69 88 55 57 1 13 81 53 30 20 67 58 46 23 13 83 80 9 50 61 68 5 46 35 30 54 4 43 74 97 78 66 63 87 45 28 33 65 13 86 65 97 57 69 54 67 47 64 11 75 39 65 18 41 4 28 11 95 50 95 5 81 58 73 24 43 51 1 24 58 26 78 37 68 5 45 3 86 43 42 92 98 43 79 72 2 53 89 92 46 25 68 42 25 8 65 96 55 64 50 51 57 79 38 9 61 41 46 2 4 13 11 68 97 58 76 65 32
47 22 58 11 81 6 73 84 48 15 94 67 47 18 0 13 57 48 94 54 21 63 35 54 9 49 17 94 5 76 68 94 8 17 15 36 71 31 25 45 78 10 79 6 67 26 80 99 78 93 94 84 99 70 13 48 22 27 25 95 32 26 98 11 33 15 75 59 53 21 41 26 87 78 97 65 88 28 53 24 72 54 41 86 95 58 16 4 50 4 22 75 68 30 20 23 3 73 100 66 93 64 77 82 88 84 1 75 10 9 21 93 52 55 88 20 85 86 52 57 2 86 46 5 81 45 84 99 10 71 68 38 8 73 90 26 84 9 38 16 19 61 39 65 21 36 79 88 58 52 61 39 44 30 23 69 81 32 47 26 11 41 48 31 57 54 8 5 39 83 9 70 17 72 65 29 16 49 6 31 13 47 90 72 38 5 98 56 58 41 69 89 85 28 28 40 80 53 63 81
82 84 38 68 51 30 57 93 100 34 85 100 27 96 88 0 33 44 33 35 98 48 30 10 23 76 26 15 33 94 44 87 78 32 74 33 40 10 55 16 24 61 76 16 49 91 25 7 25 44 16 54 30 61 50 37 25 89 12 71 55 26 1 83 13 5 63 22 62 28 67 6 47 87 41 18 42 37 55 35 5 20 36 58 65 59 52 52 14 59 15 74 90 16 63 61 22 46 10 84 84 55 18 31 41 91 83 32 84 77 42 32 92 47 63 73 55 74 58 25 35 11 5 93 61 49 2 95 100 94 90 89 91 15 93 99 15 16 32 86 87 36 42 26 60 94 12 41 91 88 15 33 88 35 44 12 69 20 54 98 100 17 93 23 82 75 6 17 96 62 38 60 70 49 76 12 5 92 47 95 73 59 7 52 96 49 34 7 18 37 90 53 33 8 58 58 26 19 6 34
5 98 63 17 58 60 26 27 53 1 16 83 10 58 14 29 0 44 64 33 1 23 84 12 14 64 25 73 92 70 3 42 30 54 15 89 47 18 62 14 7 45 42 15 76 82 66 16 18 3 89 12 43 68 94 87 35 21 87 10 4 96 68 24 25 74 33 43 52 59 58 54 28 19 29 88 64 44 9 93 69 70 91 23 98 18 6 16 9 15 71 53 57 28 60 34 74 61 36 5 61 28 28 64 65 71 41 63 57 25 26 57 75 33 66 33 84 5 9 29 32 54 55 6 8 35 74 83 71 29 1 30 86 46 65 91 100 49 15 84 52 96 98 52 96 67 7 96 5 72 65 91 68 67 6 85 61 57 47 79 42 83 99 32 23 45 72 83 47 63 85 7 97 66 55 87 27 44 32 11 23 4 21 34 85 10 20 91 76 73 97 97 20 90 99 66 91 92 97 51
95 12 46 8 27 19 32 36 70 21 56 94 12 89 26 19 22 0 90 26 38 64 72 51 47 5 36 60 40 63 99 100 9 100 86 86 44 68 14 49 8 59 82 88 41 41 26 82 72 52 12 75 23 59 49 50 36 69 33 74 43 63 84 54 68 53 98 58 85 58 83 35 8 35 34 98 69 58 51 32 91 87 99 16 95 79 5 9 68 19 50 57 77 35 72 74 4 52 51 73 21 94 100 93 42 6 42 85 36 3 45 64 30 75 36 91 80 29 20 24 83 33 47 22 99 43 62 89 57 27 41 71 86 24 42 11 48 52 25 9 55 32 60 47 19 100 95 74 92 33 41 3 17 25 7 12 9 39 60 70 3 15 54 89 2 16 32 50 97 20 32 91 23 88 55 23 44 13 75 97 89 71 92 31 39 76 39 27 28 58 14 33 83 20 32 90 35 26 31 53
20 96 31 82 78 37 99 51 63 8 29 18 81 38 74 39 51 9 0 38 32 54 25 77 42 67 86 75 66 3 25 42 36 23 2 49 26 13 61 67 96 99 7 36 95 27 87 59 68 54 14 97 18 5 84 13 38 28 88 40 2 37 10 39 31 37 63 2 28 5 96 72 72 4 11 65 79 31 22 58 68 81 81 59 5 43 63 21 4 35 44 43 13 21 61 6 15 62 39 68 23 73 100 37 38 66 15 43 47 84 67 60 41 30 75 61 42 86 45 46 4 90 36 87 43 15 78 1 39 62 61 76 39 56 48 95 27 1 25 55 74 92 30 25 27 98 28 67 4 61 68 71 79 63 17 36 60 35 48 21 4 33 99 17 1 44 3 46 86 29 79 8 60 42 10 19 48 50 44 24 63 79 86 21 16 52 14 44 65 9 45 4 49 7 87 36 60 72 14 69
75 98 19 99 1 2 57 21 34 13 59 8 52 38 76 91 43 59 85 0 20 85 45 27 30 98 76 66 40 28 24 17 17 62 92 91 20 90 25 73 45 65 82 16 88 30 45 66 90 5 79 96 99 9 39 75 51 83 36 48 87 14 36 100 81 64 91 75 82 78 77 47 48 59 83 61 84 85 60 4 30 21 11 44 39 52 31 21 61 49 80 44 29 88 92 70 94 72 76 25 90 14 75 55 61 86 43 8 80 37 23 93 62 91 85 1 88 58 45 85 63 83 98 40 12 81 88 93 63 90 57 59 3 4 19 60 21 21 86 73 42 95 26 86 14 56 96 39 55 35 90 38 95 85 47 18 65 50 40 79 69 35 47 39 74 54 22 12 7 89 68 14 37 34 5 59 56 38 72 2 68 84 52 73 42 4 52 71 14 85 80 65 67 66 91 23 10 28 14 77
72 57 45 22 47 87 84 8 61 40 37 1 82 100 5 35 59 59 67 23 0 7 33 84 39 19 23 95 75 80 52 41 12 75 69 5 20 17 84 100 77 80 67 51 18 74 7 31 22 43 86 14 70 48 70 16 40 94 23 69 97 8 16 29 25 17 17 4 9 78 84 3 2 67 13 38 7 15 58 4 18 97 66 80 11 32 37 85 30 70 25 20 60 37 68 24 75 6 2 58 21 90 36 62 70 54 9 90 21 30 32 38 97 34 54 80 48 79 97 17 87 63 37 87 67 75 50 84 80 89 71 87 60 3 22 30 54 78 35 60 19 34 37 3 13 5 54 36 51 66 14 22 48 32 44 76 99 83 72 51 6 23 16 76 97 19 85 37 14 19 16 70 63 36 9 46 47 3 47 63 29 61 9 22 97 74 9 90 32 49 65 80 6 3 6 39 46 34 93 33
98 92 51 41 51 36 81 67 27 28 24 77 93 55 65 23 42 97 36 65 86 0 80 58 47 56 2 56 93 17 37 79 81 69 94 20 58 84 85 13 10 37 87 89 94 25 97 30 15 6 80 13 5 76 77 42 36 80 27 59 19 59 71 1 28 17 56 16 71 98 31 55 75 49 60 22 58 75 26 77 68 6 75 5 42 59 68 1 55 61 31 49 28 24 37 82 36 12 87 6 66 69 44 93 70 18 37 52 17 65 71 73 1 39 79 51 76 64 96 48 20 65 74 12 99 35 95 3 48 47 66 6 58 41 17 2 91 53 47 14 15 49 55 82 18 23 60 72 39 49 37 89 35 10 87 39 46 86 92 42 92 34 18 9 62 57 69 22 82 86 93 93 96 55 87 29 35 30 93 67 32 46 21 30 16 69 10 71 76 35 37 70 76 5 71 82 92 38 74 18
99 65 17 15 5 49 3 32 20 22 27 76 13 93 65 67 31 69 93 55 32 15 0 25 56 92 11 28 9 95 36 64 53 50 26 39 86 80 94 30 42 53 5 54 55 15 24 83 91 29 56 53 19 56 94 45 59 12 25 33 51 47 39 96 16 60 56 48 58 98 61 49 64 34 48 68 37 99 17 43 90 4 28 57 72 87 44 9 71 92 3 72 10 28 75 50 89 99 1 12 89 64 55 35 72 75 67 12 65 55 14 37 44 73 71 35 28 33 36 52 8 4 25 34 73 46 39 97 54 56 87 70 89 16 52 85 61 40 34 96 59 81 96 80 66 97 55 67 86 62 51 66 51 68 87 54 29 77 96 66 19 68 95 67 74 60 100 54 27 73 73 5 24 31 14 80 91 87 72 70 83 14 69 5 7 21 73 70 88 29 82 40 82 54 61 58 74 31 10 55
59 35 59 66 67 63 22 34 19 2 36 36 73 58 6 38 44 45 54 62 65 42 69 0 64 9 45 72 40 63 32 71 23 4 100 26 16 12 68 42 30 79 20 42 60 19 28 14 68 27 78 19 87 56 20 65 37 60 63 37 44 29 65 36 87 74 62 20 58 27 66 35 79 25 64 9 82 29 57 53 80 47 98 80 5 2 4 49 16 17 71 17 15 66 61 31 63 10 27 81 45 93 44 65 86 76 41 6 84 56 82 46 89 24 7 65 51 86 60 35 17 98 85 58 37 84 88 48 58 43 85 63 96 66 24 96 42 41 9 25 84 31 29 90 65 7 83 57 2 40 94 73 11 78 100 92 33 70 42 21 73 37 75 45 44 80 89 31 100 30 3 41 10 62 100 85 68 71 92 62 41 37 72 84 26 62 98 77 100 89 23 16 63 17 48 86 25 17 91 12
31 42 47 88 63 6 57 99 83 88 77 98 25 64 96 28 52 13 6 15 45 83 23 70 0 41 98 78 71 82 68 46 77 4 42 41 12 86 26 94 72 86 91 34 42 53 85 96 28 62 27 69 4 45 75 6 24 79 96 48 68 68 37 71 7 39 53 5 18 29 98 73 11 8 71 70 58 98 41 74 18 27 24 45 86 87 62 32 87 68 51 94 33 42 37 44 50 15 27 40 94 13 47 88 29 6 20 79 26 72 87 57 96 69 89 43 62 32 22 62 74 64 100 64 73 5 63 46 89 5 12 60 52 4 36 98 74 27 86 36 81 26 87 77 31 40 65 87 83 79 46 18 67 40 6 58 86 60 52 26 50 68 17 66 84 6 45 27 98 44 50 97 80 56 86 94 99 77 60 86 91 73 98 93 20 64 30 56 82 92 18 90 19 57 13 38 41 30 62 31
53 85 83 3 27 96 71 4 71 12 75 58 8 94 59 76 87 59 91 90 66 20 23 19 61 0 79 96 73 92 29 24 66 66 33 86 4 54 55 42 31 65 32 37 44 15 97 84 21 61 74 5 4 58 42 39 54 4 35 95 49 57 31 6 88 63 32 89 41 73 16 75 3 27 82 38 97 76 15 41 18 5 12 80 95 97 23 48 70 15 81 97 96 12 35 69 17 6 51 82 98 52 33 27 8 42 97 63 83 43 83 43 86 85 2 57 5 13 77 80 6 100 32 18 89 85 81 12 5 32 46 53 44 10 38 33 38 66 70 59 56 19 14 49 76 35 100 35 59 84 88 6 4 97 24 35 87 23 19 83 4 9 32 80 29 88 36 37 49 59 84 34 83 98 92 59 42 92 45 74 2 11 11 79 35 51 55 55 32 96 70 38 67 44 82 5 87 46 71 96
94 12 80 93 80 54 44 21 31 100 41 31 88 14 47 94 35 74 10 10 47 22 32 50 72 46 0 24 100 64 32 62 45 27 26 22 63 42 20 2 96 59 3 46 89 59 1 36 91 76 82 32 96 72 42 41 98 5 96 13 27 26 9 2 65 1 2 33 40 19 44 7 51 42 81 5 28 2 95 21 91 90 94 87 38 95 15 41 74 44 76 57 48 52 67 58 78 33 41 26 44 74 65 75 3 60 85 97 21 20 9 58 88 13 100 35 51 20 91 83 51 71 2 61 83 37 76 3 22 42 22 68 24 51 73 25 43 93 36 80 3 35 80 76 93 45 58 57 52 99 68 59 76 96 68 81 46 27 61 52 44 7 52 56 55 10 10 22 11 17 90 42 70 82 54 75 91 18 97 25 12 68 99 70 41 33 28 100 51 13 70 62 37 14 10 5 46 96 73 33
87 44 75 64 82 45 39 30 80 96 17 2 67 43 24 88 55 89 48 59 1 71 67 29 36 74 49 0 92 28 31 10 71 68 51 87 78 56 24 29 26 3 43 49 8 49 92 35 28 64 8 22 21 65 93 3 20 57 67 21 48 61 92 24 20 57 44 93 11 75 67 98 18 48 88 35 57 51 31 11 43 99 29 87 7 1 51 83 15 61 72 82 98 37 67 73 3 6 32 63 79 48 6 47 71 48 57 13 78 24 89 86 96 97 62 46 28 4 1 99 64 19 99 92 54 5 97 95 20 44 88 67 24 10 89 60 25 78 80 96 70 84 80 42 88 76 78 9 22 87 83 95 92 79 59 46 19 12 100 55 76 42 50 50 75 61 77 73 23 94 15 64 11 76 34 20 99 67 49 50 14 32 82 35 66 37 92 10 90 66 50 33 87 52 24 55 55 61 80 46
18 97 52 68 77 35 93 76 76 75 12 86 86 78 100 3 92 66 43 86 18 100 61 65 5 39 45 68 0 42 99 95 22 37 66 50 62 97 29 19 58 43 50 1 65 82 29 90 70 82 81 46 79 80 13 39 39 24 74 80 71 72 90 63 63 49 21 64 100 27 19 87 93 1 95 53 75 65 82 85 25 93 79 78 64 7 29 31 94 83 45 67 53 74 46 74 55 93 99 16 79 78 60 88 34 54 11 68 71 24 28 35 80 85 66 75 87 92 1 5 91 20 49 5 6 96 72 6 98 18 10 61 59 87 68 64 85 49 88 79 15 38 19 38 63 93 28 74 94 51 75 40 46 55 93 58 58 81 3 45 18 47 49 51 76 13 24 2 38 39 57 52 1 12 40 9 57 62 61 77 38 51 98 34 59 9 33 26 73 94 67 97 58 77 13 38 62 73 66 10
1 19 26 17 62 6 98 75 100 7 39 54 71 93 71 2 82 50 97 5 50 58 89 17 77 12 52 38 92 0 43 97 72 37 22 84 36 2 3 65 18 46 53 48 35 53 60 60 4 22 13 66 59 62 86 20 40 28 95 25 3 75 54 78 92 32 60 62 7 56 48 6 29 4 63 20 90 7 97 92 16 40 79 23 80 81 81 72 20 79 79 33 49 55 94 35 22 20 12 36 88 70 4 15 88 38 78 61 82 35 71 56 67 80 67 5 64 19 72 53 56 50 55 58 88 80 12 87 30 58 3 62 9 54 96 15 51 28 10 29 74 99 75 34 63 78 70 86 72 88 79 36 100 84 92 94 69 37 76 14 65 54 64 73 93 89 3 55 26 41 78 19 64 72 24 72 29 50 92 24 58 71 41 48 16 11 93 77 2 80 13 25 25 39 32 81 100 27 98 49
5 2 10 76 47 26 91 78 5 3 4 51 16 21 95 50 52 77 75 89 1 31 44 91 91 27 86 40 18 56 0 8 100 92 83 8 55 15 68 40 14 48 63 91 45 68 95 28 29 72 83 25 60 40 55 76 77 28 88 79 20 3 99 54 44 75 80 45 20 96 48 58 82 92 40 40 32 4 50 89 33 89 17 72 26 97 80 42 41 46 75 2 32 11 17 76 78 58 73 40 83 82 12 90 2 27 67 15 44 42 17 49 38 29 54 20 37 78 74 34 73 75 32 92 32 30 43 9 93 62 30 79 69 65 13 3 60 87 27 90 95 72 27 5 17 5 20 44 23 61 72 63 89 57 50 89 25 76 7 46 6 85 2 94 41 66 7 26 70 58 62 39 75 76 15 76 37 42 97 97 56 81 51 70 31 18 15 72 54 38 13 98 31 12 66 58 48 75 50 75
8 39 58 82 87 8 86 72 90 46 82 34 86 77 19 14 41 33 25 34 80 30 3 6 78 12 82 79 44 13 5 0 56 8 45 96 12 80 83 48 94 1 11 99 88 43 23 88 84 50 26 33 2 37 69 51 65 51 96 94 12 67 69 38 68 36 10 72 97 9 85 81 32 85 75 84 67 2 18 10 87 23 100 83 13 75 72 38 64 12 31 69 82 61 57 15 65 51 45 2 40 46 94 29 38 90 60 32 14 48 66 37 92 47 81 99 78 86 17 80 79 55 95 29 56 84 67 5 28 42 82 26 25 8 90 79 47 21 5 89 17 44 35 88 90 42 4 60 50 72 54 61 45 35 83 76 7 6 13 20 92 88 65 63 42 17 21 16 60 81 26 53 73 98 89 60 62 52 21 4 53 83 25 5 19 1 74 71 18 43 45 99 86 1 54 26 16 47 63 32
61 66 94 77 14 98 97 45 16 54 37 13 86 47 76 35 52 64 94 94 78 49 45 91 25 53 25 43 54 14 61 87 0 29 100 95 64 51 41 53 43 79 51 98 28 89 34 50 48 16 60 18 41 83 66 59 13 86 77 71 98 30 45 57 77 100 4 92 44 33 70 90 54 40 4 41 8 12 94 23 77 77 94 70 31 100 73 2 51 1 68 66 59 96 44 60 1 31 57 37 23 83 5 68 85 74 7 46 99 72 90 34 51 53 56 58 69 9 31 18 61 25 82 99 81 77 63 11 64 42 4 26 70 34 47 84 41 86 46 78 99 68 59 61 13 92 73 39 47 28 11 51 69 6 4 43 42 5 31 16 70 36 80 8 1 22 71 96 2 99 5 83 62 66 20 39 70 27 26 47 9 14 29 77 6 49 45 52 68 87 87 13 63 14 85 9 88 26 1 66
48 30 58 91 58 78 1 8 29 54 65 71 87 2 13 72 35 14 14 96 8 36 47 40 55 95 43 42 87 99 2 48 63 0 87 43 44 11 53 10 73 75 88 61 47 29 62 36 76 25 20 77 61 98 71 44 35 94 60 79 36 41 68 53 4 66 65 28 72 67 51 32 100 88 70 50 28 74 74 81 97 16 44 32 81 89 89 85 65 31 77 8 97 84 65 10 53 83 52 39 49 25 67 30 26 24 31 97 44 11 63 45 8 83 54 6 7 26 57 86 97 23 41 6 50 30 36 74 51 72 97 98 33 100 41 13 51 70 28 61 49 84 21 98 43 36 37 16 70 2 20 47 33 26 69 50 40 16 59 92 54 62 32 24 31 97 23 99 76 56 40 26 5 57 83 62 75 57 41 45 52 63 26 77 40 36 68 3 86 65 58 20 77 20 20 94 67 8 94 86
31 76 36 9 26 45 94 33 41 31 75 1 52 9 98 27 46 16 70 61 59 87 62 94 10 16 42 15 77 40 53 86 82 95 0 12 53 11 18 37 49 39 10 99 89 14 30 69 98 83 36 33 17 49 44 43 27 69 88 42 87 17 27 98 49 23 17 51 94 67 66 1 32 39 22 100 7 34 96 10 65 79 30 3 22 59 85 76 78 36 13 83 43 55 15 73 9 84 13 61 32 60 62 53 14 72 23 55 49 88 69 34 48 98 7 48 20 73 46 81 52 28 67 21 5 43 77 59 9 28 93 44 28 65 38 30 33 69 12 99 71 4 95 92 47 33 11 33 87 59 83 20 59 25 2 70 59 49 1 16 38 78 99 21 38 6 74 12 47 96 22 89 56 91 71 13 75 42 86 42 28 100 3 87 30 7 34 99 21 89 63 71 63 28 16 7 44 59 5 86
51 48 57 9 48 3 52 64 51 50 51 82 70 31 4 26 66 55 50 38 30 96 91 65 60 37 28 72 24 80 52 12 26 21 89 0 98 19 49 76 54 11 50 91 89 10 97 96 50 17 43 75 3 58 48 36 73 54 61 54 44 53 41 59 92 55 7 94 84 6 86 1 31 32 64 62 85 31 27 16 14 78 53 73 70 37 79 31 84 44 88 20 44 31 30 50 99 74 34 51 92 36 48 40 18 5 46 56 51 17 37 52 47 85 23 4 6 60 63 32 90 10 74 52 80 87 20 9 52 27 94 9 30 33 57 25 44 30 18 37 26 44 19 11 85 91 63 72 99 46 34 15 58 8 7 83 87 80 93 36 5 35 43 21 69 50 15 40 48 20 34 68 40 17 86 87 71 54 47 44 66 15 62 40 28 75 3 77 22 95 18 50 22 1 73 8 34 66 8 88
75 34 45 87 9 3 28 26 90 85 81 62 11 8 45 54 17 22 19 6 32 78 48 24 76 2 40 29 41 89 35 63 8 40 2 64 0 46 62 55 29 65 97 4 36 93 99 22 27 13 41 33 42 58 71 13 54 43 28 97 11 33 92 11 7 76 87 55 72 19 19 57 16 97 56 52 11 69 55 48 77 11 5 98 28 27 46 63 52 42 81 30 85 38 2 2 85 43 30 55 59 51 21 40 27 90 1 29 38 46 69 33 13 84 57 63 45 60 65 29 17 34 9 61 88 81 47 55 13 84 41 14 36 59 16 58 53 91 85 3 35 93 35 64 62 8 25 6 73 36 90 22 3 50 66 72 88 6 47 98 62 80 36 48 89 14 45 85 76 52 71 74 92 65 68 9 70 66 14 77 100 89 40 72 48 67 58 81 61 16 19 11 22 18 40 1 72 13 6 72
26 38 67 10 34 47 49 24 3 86 3 18 14 76 100 90 77 64 33 70 82 40 38 22 3 31 92 53 74 11 34 55 24 81 93 43 57 0 11 53 9 82 33 56 43 6 47 45 68 38 66 13 89 33 61 45 71 66 50 73 13 91 17 50 50 73 24 82 69 25 52 80 49 11 15 42 59 5 42 47 50 27 33 72 17 96 20 70 86 63 56 45 91 50 3 40 25 67 84 41 21 74 91 30 42 86 11 12 78 43 93 6 92 63 36 89 2 92 85 43 40 62 33 46 28 53 92 87 96 16 84 58 25 75 71 60 5 51 42 26 72 88 18 87 2 51 51 93 20 9 43 88 55 18 4 28 1 34 69 100 27 85 89 2 78 1 29 25 3 69 71 25 16 44 32 9 68 83 32 87 83 42 42 20 72 40 1 17 12 34 5 81 66 26 3 12 73 33 56 5
14 29 67 91 48 18 69 93 62 3 100 55 67 85 88 87 12 24 33 87 3 29 1 97 73 43 5 12 100 48 69 45 67 67 5 22 76 88 0 21 50 4 75 58 58 48 4 38 61 9 50 44 58 76 63 8 73 60 60 80 3 21 65 8 48 75 43 38 58 66 68 74 20 63 83 44 66 66 68 15 79 85 22 89 24 69 19 43 99 24 20 23 96 59 70 36 14 29 1 22 50 23 7 33 7 25 30 38 33 61 49 60 35 7 92 97 59 17 83 6 90 3 21 34 79 33 89 41 72 40 4 56 62 47 60 33 40 55 41 29 87 41 55 40 92 22 35 36 50 55 9 24 58 91 13 23 89 69 12 37 9 98 37 45 34 74 17 59 46 6 92 45 67 75 29 13 99 68 12 81 62 49 54 13 8 62 33 68 37 54 4 25 9 78 72 36 55 37 68 26
77 73 47 53 57 65 57 91 6 24 71 48 34 98 14 18 75 6 36 61 47 72 97 32 84 68 33 82 20 66 47 4 14 71 53 97 89 16 85 0 15 88 86 12 30 22 34 20 3 87 94 32 31 87 75 94 8 75 8 28 42 5 95 16 53 68 30 48 63 36 97 70 81 82 34 55 91 23 21 6 23 69 45 51 82 74 83 100 61 49 50 89 21 67 82 11 58 75 29 22 5 53 39 35 8 55 64 39 34 79 87 74 59 71 65 42 25 63 44 92 24 71 30 31 27 1 61 74 27 3 59 16 55 100 41 74 73 99 52 25 40 12 60 1 15 8 73 73 44 91 74 80 53 64 68 91 7 87 23 43 27 77 2 58 86 89 37 17 43 70 58 93 28 90 37 27 50 53 1 100 1 41 54 80 91 12 64 93 54 78 95 100 15 20 13 32 78 41 90 66
79 53 58 75 59 88 40 35 52 76 33 30 25 37 30 78 78 31 34 45 95 41 3 91 2 17 68 5 82 20 95 87 61 55 77 23 33 62 62 7 0 62 8 1 29 27 51 15 60 8 30 11 74 38 20 6 33 29 11 23 66 26 68 82 88 28 21 85 8 25 12 28 61 48 42 21 39 85 100 22 52 98 12 9 34 61 71 28 49 56 42 51 55 79 7 10 47 12 13 39 92 83 51 28 22 65 64 21 33 87 75 57 48 59 9 89 55 14 63 89 29 2 78 38 100 17 72 75 6 35 97 44 85 33 2 16 14 94 24 49 95 30 16 66 44 89 14 68 62 93 7 77 35 11 16 57 17 20 72 33 51 38 97 86 52 68 65 46 33 42 98 66 100 50 8 23 10 44 82 68 63 63 96 16 28 48 11 92 38 79 29 77 32 60 63 35 44 95 21 40
78 70 57 14 10 90 10 2 81 73 61 71 17 100 61 54 12 41 19 80 50 22 45 61 38 91 77 42 67 55 93 49 19 98 1 54 71 67 94 42 96 0 80 64 100 74 19 18 48 87 1 17 35 94 90 32 42 92 83 46 38 43 39 85 56 58 69 58 27 16 40 48 15 100 60 94 30 100 41 91 44 60 1 16 59 98 27 13 76 60 9 75 9 85 1 41 47 72 52 85 23 33 6 33 56 73 34 87 51 84 29 49 59 77 73 84 98 6 52 56 48 36 100 59 18 57 9 58 69 36 2 97 84 26 73 57 39 31 9 72 70 66 20 75 10 48 100 54 86 85 89 73 76 89 46 58 13 75 73 35 38 68 3 42 29 90 52 70 63 25 22 35 75 6 93 93 43 22 62 85 34 89 8 25 14 23 92 29 22 43 70 89 34 50 61 24 29 71 63 70
96 45 29 67 2 51 65 8 40 19 92 65 37 56 15 79 44 46 40 82 25 16 90 47 1 4 6 48 6 99 3 100 38 17 13 9 71 67 28 3 43 94 0 18 75 73 11 58 83 84 2 86 68 14 39 97 77 87 52 58 42 27 95 40 44 22 2 10 71 18 40 81 2 66 73 19 94 69 2 58 29 13 2 14 52 33 8 59 31 1 87 30 64 44 30 81 3 78 99 21 88 27 11 64 78 84 50 4 94 33 25 46 54 46 31 30 4 42 71 87 70 53 40 22 100 89 98 11 84 35 10 30 92 31 3 58 81 73 90 36 39 89 99 60 42 29 77 69 51 46 100 65 65 16 13 93 33 78 41 85 44 58 6 48 8 44 66 19 74 41 29 36 62 45 29 73 15 41 60 53 17 3 15 50 32 67 4 59 36 75 24 36 45 73 94 44 23 31 94 75
94 28 71 16 82 57 40 39 15 26 76 63 19 18 23 10 36 44 90 30 47 28 67 68 33 73 19 77 18 73 77 92 59 74 55 79 20 61 9 82 57 60 84 0 34 36 12 57 16 80 53 11 67 32 34 6 92 64 19 29 96 35 64 17 17 64 15 26 49 86 46 35 70 70 51 17 62 8 55 29 49 84 64 47 29 51 35 33 96 68 70 7 9 48 50 6 32 18 91 33 79 23 14 33 73 56 75 79 1 72 33 7 96 45 15 13 90 59 92 23 6 27 13 7 11 88 89 22 93 71 2 89 9 32 82 42 74 70 5 74 93 23 81 46 18 34 73 94 22 4 82 42 87 96 6 51 59 16 59 64 70 21 84 85 70 11 19 51 59 5 79 78 2 53 14 87 50 7 73 79 86 98 95 72 18 76 72 68 64 23 83 15 64 76 6 76 51 51 39 4
57 35 34 35 89 83 66 27 69 93 49 58 98 82 41 50 45 46 63 86 63 89 69 80 90 23 98 53 32 4 76 65 3 11 43 92 66 60 52 8 59 67 68 59 0 1 55 74 31 56 62 99 5 47 63 73 15 33 90 93 13 16 55 9 82 73 29 72 34 40 92 68 66 75 49 26 16 92 45 100 61 84 29 100 28 69 16 98 64 24 21 56 24 63 10 1 58 53 66 59 49 71 51 62 23 49 3 19 91 94 76 6 66 97 25 82 61 68 84 34 90 61 5 49 54 26 76 98 82 97 73 34 61 49 2 26 17 87 42 79 94 88 69 95 31 74 45 61 10 45 95 17 10 88 72 2 7 13 50 95 98 5 14 99 29 15 40 40 42 34 85 66 27 77 36 53 24 99 54 21 24 20 42 29 61 86 1 74 58 55 62 100 66 82 98 16 19 72 54 96
44 77 65 9 2 22 83 47 33 66 70 74 83 8 76 7 64 15 77 60 88 77 31 73 70 39 11 87 61 10 90 2 88 74 24 98 1 11 48 61 33 40 84 36 38 0 78 14 99 98 34 70 18 77 26 10 54 77 34 88 71 28 45 31 82 61 61 88 26 71 15 94 27 86 28 68 52 11 57 26 5 22 52 23 75 77 39 74 35 8 88 70 64 92 18 46 45 1 47 21 18 99 71 82 25 74 12 71 32 60 66 54 6 87 12 25 51 40 11 99 20 72 7 11 62 60 57 5 9 34 48 69 28 74 34 62 87 98 44 20 54 14 44 62 64 94 67 11 70 93 63 85 97 62 31 46 21 82 85 35 16 5 83 22 14 88 53 88 26 46 57 87 60 1 92 40 25 31 45 93 20 30 3 29 38 61 76 84 69 4 79 28 16 14 53 16 94 4 99 100
100 89 83 21 92 88 2 46 83 74 77 27 89 13 30 54 28 36 64 16 30 11 74 37 79 9 93 61 58 56 33 36 90 25 69 85 57 49 17 96 84 51 71 50 29 43 0 37 12 33 38 94 74 60 95 31 73 23 97 48 51 89 42 11 31 53 32 96 51 94 54 45 64 51 41 44 41 25 56 39 52 6 44 36 38 84 44 65 12 50 68 37 85 39 3 40 10 63 11 23 72 41 48 15 60 91 82 84 93 27 59 73 13 80 78 35 65 84 53 85 58 7 100 53 80 91 79 56 99 14 82 83 6 37 43 11 15 98 24 86 72 52 29 70 67 70 88 42 22 85 55 55 40 26 90 96 27 27 82 16 12 76 17 47 100 18 55 44 94 43 76 55 96 81 47 83 79 3 74 17 57 72 19 62 54 87 22 5 62 30 60 36 64 39 43 96 67 84 71 47
16 14 65 3 57 96 91 24 8 97 87 30 27 95 79 86 18 54 99 97 33 80 96 23 60 6 6 50 41 3 13 80 69 15 5 44 89 43 17 24 74 79 68 19 67 72 43 0 65 14 3 79 91 1 21 11 38 70 97 72 36 29 43 39 22 97 98 94 9 78 1 79 12 62 24 41 64 93 86 57 24 21 98 36 84 69 66 61 37 89 15 58 91 52 68 78 81 77 99 21 60 84 13 36 35 47 62 86 90 62 16 99 50 43 79 35 79 22 93 42 31 10 10 71 22 72 10 30 19 76 2 90 38 9 57 83 34 1 100 35 24 13 12 86 49 13 38 24 53 19 75 82 20 84 49 37 14 67 34 94 89 27 40 93 90 39 8 85 40 92 30 39 72 94 21 6 21 26 51 7 57 32 24 48 65 59 48 98 54 25 98 44 69 53 95 46 37 33 42 42
6 81 24 35 75 97 19 47 55 39 75 3 17 45 45 42 82 11 71 55 43 44 68 18 63 42 64 76 42 32 63 93 43 91 7 84 51 95 50 37 31 2 80 25 62 87 12 38 0 10 45 99 24 85 34 66 97 27 42 28 72 74 87 47 80 56 75 13 27 28 3 26 35 88 61 88 65 2 97 31 45 50 24 26 77 23 87 22 93 44 30 49 6 76 26 62 45 37 75 99 31 70 50 87 43 87 24 1 7 81 27 4 6 54 77 97 38 13 97 26 90 22 45 37 34 97 89 80 69 69 37 65 79 83 7 41 95 79 57 73 51 54 6 37 7 68 90 40 50 81 14 68 7 58 83 54 68 65 29 37 68 61 93 100 6 82 58 28 96 41 26 38 53 82 8 65 30 63 81 100 79 92 94 39 37 40 8 74 39 7 77 69 98 76 41 66 73 53 99 88
21 72 23 46 84 1 20 20 32 97 62 31 71 57 35 90 72 79 41 56 64 32 5 9 15 3 39 49 20 25 71 58 84 65 66 64 41 54 71 37 37 23 3 75 99 22 51 47 76 0 80 34 40 83 51 34 23 42 89 43 79 11 1 57 8 63 32 37 72 4 21 39 82 73 48 6 23 18 11 33 61 13 34 29 81 84 85 95 8 44 71 63 6 30 21 21 8 43 80 79 34 73 31 7 86 4 37 67 78 6 21 18 48 87 26 36 85 79 29 65 65 21 9 13 57 12 7 72 24 80 69 61 30 36 44 76 13 29 13 8 30 89 56 17 96 69 63 54 7 64 16 30 88 9 54 29 11 46 45 61 26 30 57 18 88 64 35 89 91 89 57 83 14 20 91 22 53 36 78 16 15 54 90 88 7 43 82 9 30 8 35 20 76 53 50 74 52 86 81 98
85 88 72 3 14 99 14 5 68 100 59 8 61 86 66 50 49 37 27 15 57 62 82 90 44 80 16 53 82 46 69 71 85 38 19 77 33 82 83 11 55 41 53 21 46 84 32 73 74 65 0 74 2 16 20 65 26 89 76 16 4 86 12 92 53 84 51 50 76 53 76 31 3 27 46 65 100 52 24 90 20 41 44 10 87 83 85 74 92 11 13 29 6 88 68 86 63 42 10 8 28 42 11 65 81 64 69 86 87 12 1 73 71 8 58 1 48 14 78 30 64 2 63 64 63 29 21 58 37 84 37 25 93 78 1 31 98 11 100 69 85 7 97 64 83 98 63 11 60 49 76 39 99 25 70 85 12 95 29 56 20 64 18 27 92 26 47 53 45 10 36 57 26 99 14 45 86 67 46 25 20 8 36 9 96 38 77 43 48 28 70 38 35 72 14 60 8 66 37 92
62 71 5 83 71 70 73 12 31 71 5 87 62 96 9 88 32 69 1 87 59 10 77 65 82 94 52 28 50 58 78 84 66 36 75 71 7 10 50 30 71 62 2 64 73 63 62 30 62 40 94 0 48 34 15 33 12 10 20 34 28 88 79 32 40 84 79 49 32 18 33 40 75 44 61 70 45 41 46 14 70 54 8 12 55 52 89 12 52 74 65 26 79 24 23 77 9 88 39 68 6 13 29 57 26 61 18 80 13 79 30 38 10 20 61 47 23 53 70 36 40 78 49 33 58 86 64 82 50 67 20 77 91 31 8 67 75 14 50 38 73 30 45 62 63 85 56 58 61 42 37 82 2 35 87 63 33 28 92 31 28 12 94 85 100 8 25 59 84 40 10 54 20 94 41 66 12 48 79 79 33 82 58 82 2 3 97 96 95 68 49 100 82 99 28 11 16 36 20 41
23 54 76 41 11 40 81 50 85 57 47 76 26 33 77 20 17 21 26 44 93 86 53 80 25 12 28 74 69 8 49 5 36 80 97 15 54 59 12 65 16 37 13 86 89 15 25 100 27 34 86 26 0 66 20 78 17 13 52 94 29 51 75 48 98 8 91 86 28 16 3 96 84 42 23 95 85 89 45 48 9 19 72 93 27 11 40 43 77 37 22 24 1 11 82 69 54 30 34 90 36 57 93 44 67 50 95 7 16 55 66 38 92 90 70 56 39 47 77 16 13 2 47 83 86 89 72 16 91 4 69 16 62 95 67 16 58 26 14 32 25 2 51 73 46 12 12 85 90 87 20 49 28 15 21 3 84 12 77 5 50 67 69 78 4 99 36 20 57 98 15 18 62 75 31 10 52 23 91 25 8 67 56 74 84 25 23 16 27 36 65 68 22 1 49 83 92 4 29 80
15 71 14 8 48 5 2 57 81 46 14 16 92 10 33 75 23 91 70 15 22 71 93 58 89 62 37 7 26 60 44 72 37 57 71 16 39 81 20 71 20 3 98 67 47 69 59 80 11 42 32 62 74 0 18 16 33 13 9 41 22 80 15 36 48 48 3 91 53 58 51 2 90 12 27 37 16 46 15 7 73 66 18 84 19 31 72 46 78 16 47 10 68 93 70 90 16 57 38 57 95 7 18 95 3 86 57 37 37 94 13 40 14 24 30 14 8 37 79 96 54 100 84 7 81 76 53 84 60 31 25 30 50 12 11 71 79 22 41 18 64 42 86 51 15 11 30 91 91 12 47 69 3 26 39 73 69 10 79 28 53 53 73 49 26 78 81 35 37 24 65 74 71 69 11 30 5 69 48 57 90 7 41 65 55 1 100 91 64 11 56 90 9 26 94 30 32 45 73 14
44 43 59 15 25 94 92 91 90 64 13 71 95 48 49 45 17 95 69 93 2 67 50 32 97 7 43 69 2 85 50 68 86 57 55 24 94 70 56 82 64 78 4 98 61 93 14 64 49 54 15 87 20 65 0 15 48 2 72 80 75 45 77 73 50 94 92 98 34 9 93 87 73 65 48 66 20 8 39 9 6 54 19 52 58 12 3 99 58 19 21 11 63 62 70 90 74 16 61 72 52 40 87 59 98 19 29 26 60 56 85 57 84 26 78 36 5 15 39 3 8 63 66 41 65 23 48 36 83 15 31 32 66 82 83 5 21 97 67 10 87 57 1 11 68 68 43 91 4 90 74 22 76 64 78 57 54 62 31 44 14 73 24 42 72 67 51 48 96 18 88 22 80 95 93 79 97 100 9 20 8 36 44 10 33 1 14 80 17 13 43 97 33 49 79 44 83 23 93 65
77 20 9 76 31 54 2 24 32 26 61 99 16 12 20 4 44 33 82 45 18 10 80 8 99 55 23 47 18 47 50 31 43 22 66 21 44 14 40 2 63 62 68 9 4 48 12 74 4 6 10 54 34 84 1 0 44 37 84 1 6 78 29 98 4 71 24 47 84 68 59 91 62 45 12 51 42 97 3 30 8 33 11 82 55 48 62 11 62 93 78 13 47 38 98 85 4 60 10 27 30 26 34 3 72 90 25 89 93 58 36 91 53 84 88 97 1 96 46 10 13 81 26 10 38 54 78 26 41 10 12 68 2 58 85 67 59 75 63 77 3 99 5 79 82 99 61 44 52 19 27 38 70 73 36 34 20 94 62 42 44 45 78 52 78 13 89 72 44 35 11 62 47 76 1 14 55 21 71 100 43 39 1 39 29 3 65 75 9 3 36 21 75 54 4 12 46 50 91 14
34 71 98 13 46 58 12 87 91 15 4 90 83 23 60 24 77 1 47 78 28 4 58 23 46 52 70 4 3 9 33 57 62 73 34 54 28 88 94 59 66 79 29 29 19 80 64 43 27 91 72 43 74 65 15 76 0 29 48 5 67 53 7 89 1 52 31 49 57 24 27 99 94 82 36 34 84 44 68 69 14 46 91 6 86 82 99 26 80 19 80 83 63 3 3 2 81 51 60 86 86 10 5 48 60 28 6 20 42 86 86 99 25 95 47 71 46 1 96 77 34 36 50 65 38 6 73 75 75 64 73 36 52 99 41 59 25 55 34 37 44 16 46 11 2 90 3 30 81 78 27 87 47 57 18 28 93 85 66 14 21 86 73 77 93 83 56 81 97 64 31 87 50 46 73 91 8 38 25 67 1 10 37 4 23 50 38 26 80 73 13 58 36 70 28 96 27 89 88 99
51 90 65 80 40 62 34 92 38 3 47 13 3 29 20 43 10 6 96 69 7 9 86 75 67 59 35 1 63 90 16 27 100 15 69 18 46 57 9 35 93 42 28 50 39 6 11 90 87 6 72 8 65 6 5 33 68 0 86 81 12 92 93 100 47 28 51 2 12 87 98 91 70 13 67 89 5 76 26 27 88 40 57 36 82 36 52 67 68 93 10 86 1 64 19 13 69 87 35 52 57 4 90 79 15 38 13 45 58 8 76 59 18 19 56 26 45 82 6 47 12 72 80 30 52 9 60 34 43 97 23 99 99 21 84 57 85 43 9 72 37 9 17 11 90 85 22 37 32 92 73 98 97 94 68 86 69 16 47 91 43 85 98 24 29 18 34 82 95 78 38 42 83 76 20 67 81 30 68 62 27 69 24 51 88 94 69 57 36 57 89 56 15 12 1 31 91 59 36 93
59 89 77 24 22 25 30 56 3 17 62 52 30 39 80 82 15 75 4 8 85 92 97 78 66 78 27 86 41 63 27 2 92 33 90 77 95 24 62 81 29 80 63 23 89 80 28 79 7 40 52 97 64 65 28 21 4 15 0 33 51 87 67 19 6 2 98 100 25 58 96 41 58 33 53 88 15 4 58 1 75 25 63 46 10 74 7 9 87 37 63 63 49 17 100 27 7 69 75 87 85 84 50 3 20 56 45 8 1 87 23 3 13 95 22 13 31 57 7 77 62 37 61 20 32 3 99 44 56 69 30 88 36 27 14 83 2 3 96 92 44 67 11 13 81 79 97 34 66 11 1 75 9 8 55 28 45 66 35 69 46 78 25 35 86 57 4 30 24 45 86 91 41 90 16 83 48 99 42 53 57 14 81 52 1 22 23 72 63 8 23 43 51 68 65 75 4 24 88 63
51 49 30 18 42 81 80 75 89 13 40 29 36 60 59 68 88 79 50 28 23 46 98 46 54 47 54 21 85 34 86 79 54 21 82 44 33 53 1 86 96 44 82 54 61 56 30 54 4 51 55 59 51 49 53 97 83 88 68 0 5 21 34 73 45 53 28 60 62 26 60 61 95 1 48 61 37 58 61 15 47 89 3 64 54 9 31 96 92 47 61 82 50 1 24 10 38 45 2 57 24 91 44 97 79 53 76 9 50 74 49 50 62 93 1 67 93 85 26 59 1 29 3 14 72 36 51 77 74 40 42 1 1 30 63 32 33 76 18 90 52 58 75 27 52 18 11 62 79 89 81 90 65 25 51 14 76 70 13 74 76 57 14 23 62 38 87 44 83 36 57 7 92 81 79 54 44 4 63 47 72 67 23 24 71 12 71 35 58 7 57 57 77 61 49 57 62 40 71 27
33 15 77 65 14 43 13 95 39 5 23 58 25 90 34 86 4 9 65 68 37 80 43 29 48 62 8 73 46 87 50 30 29 4 31 9 81 76 81 33 49 55 81 1 46 91 73 84 35 44 31 75 58 16 83 19 34 47 85 12 0 22 91 78 57 88 39 29 81 49 5 35 5 85 62 3 82 66 29 84 46 98 94 35 18 88 36 69 39 54 16 9 18 13 61 22 28 36 37 56 97 100 81 75 67 7 48 80 51 10 92 91 56 41 14 8 99 84 91 78 89 5 46 72 70 39 68 98 86 73 89 92 43 99 85 18 95 13 47 72 18 25 100 70 13 17 68 78 84 98 57 64 21 51 60 67 18 45 40 38 93 7 100 14 5 12 60 94 84 4 70 2 4 48 62 45 6 22 33 41 49 1 74 36 6 3 59 16 48 95 37 58 95 49 84 68 77 23 74 52
84 63 6 28 28 75 85 20 12 19 64 25 36 57 79 83 6 73 85 44 17 80 80 54 61 23 3 31 85 40 27 57 29 72 90 73 16 57 38 83 88 21 25 54 24 19 99 75 63 54 64 72 49 81 52 39 79 58 29 12 26 0 62 12 19 8 59 34 57 94 38 16 6 85 75 96 56 96 67 90 66 10 42 64 87 8 37 61 39 56 22 12 18 67 13 84 100 29 25 26 69 27 19 11 74 2 70 66 55 69 36 73 90 30 40 95 76 25 9 80 67 86 26 46 24 46 74 91 42 19 78 39 59 47 56 39 53 58 6 34 39 99 51 27 1 65 93 51 25 2 17 8 48 83 87 38 4 37 17 45 39 96 97 16 48 26 32 17 96 30 18 48 32 45 64 60 98 1 21 67 85 77 72 6 56 12 64 5 93 81 69 19 66 90 6 18 84 35 84 52
4 42 18 29 55 1 46 9 96 19 15 24 72 59 6 64 17 29 86 78 31 26 51 13 47 58 3 11 20 52 44 80 56 42 60 80 94 65 65 4 61 15 7 45 2 92 81 32 69 6 96 29 54 88 38 53 17 72 21 13 34 23 0 62 34 15 30 1 14 3 6 6 8 72 73 74 2 90 23 74 21 34 34 71 11 30 18 99 33 70 60 75 16 44 29 85 73 63 89 76 21 64 60 85 70 93 97 28 75 51 70 96 8 83 63 67 54 59 74 57 68 73 1 47 54 92 58 47 85 95 60 58 71 31 35 37 76 36 42 60 93 94 87 72 92 36 87 43 1 9 14 61 7 14 97 29 45 28 97 73 18 54 71 98 79 50 75 55 1 93 86 63 59 68 31 61 37 28 63 68 37 12 67 83 88 94 66 22 17 26 72 78 49 2 30 14 70 71 91 58
18 76 91 8 90 13 30 5 36 9 58 85 60 64 97 54 50 63 13 66 72 32 77 71 53 46 73 38 47 41 36 19 25 42 73 72 76 41 11 4 72 82 2 11 81 98 39 59 22 54 66 40 96 21 45 79 27 10 47 39 26 72 62 0 74 52 33 2 39 96 61 76 88 93 59 37 33 52 8 99 77 30 51 36 1 48 33 76 59 2 70 61 61 100 43 93 42 23 70 33 68 27 11 27 2 43 40 29 20 74 87 83 77 93 83 56 40 69 76 10 22 98 79 4 55 40 32 21 39 53 94 41 23 35 32 37 24 59 6 96 40 22 32 4 82 27 64 79 98 42 54 50 37 35 43 21 14 30 14 73 35 54 91 55 78 91 97 82 50 40 51 6 72 20 65 74 45 9 24 7 15 63 75 45 64 58 15 43 69 30 34 50 91 2 67 23 78 15 9 74
68 10 52 21 36 1 48 44 70 42 37 1 74 40 7 40 86 42 63 21 93 45 30 88 62 97 4 81 14 67 71 60 57 94 5 15 93 76 4 36 88 94 1 4 35 90 86 85 12 23 76 58 2 62 43 91 85 72 40 48 12 24 53 62 0 53 39 87 86 43 1 52 72 87 58 22 82 95 44 49 100 5 30 84 11 47 74 77 3 67 51 90 34 72 38 90 66 17 25 20 84 94 77 18 45 49 57 94 17 94 10 26 43 54 90 37 56 92 87 40 32 26 84 85 97 39 39 46 97 33 57 46 46 60 50 21 19 71 7 88 82 11 41 54 4 6 87 1 25 39 87 33 93 46 89 43 54 96 1 89 82 8 34 88 27 32 47 81 26 84 20 28 65 99 68 98 16 98 38 90 66 29 6 58 7 32 41 27 36 33 47 83 55 43 88 49 5 40 65 50
69 38 5 18 46 54 99 52 75 58 86 67 82 81 14 85 58 48 77 49 65 47 6 92 46 25 8 87 74 52 22 44 54 5 61 14 52 75 23 82 53 1 67 43 62 84 1 12 38 77 96 37 48 12 89 44 29 67 77 69 19 82 73 15 55 0 18 85 16 68 38 39 82 86 72 14 12 14 5 63 73 74 100 26 35 76 72 16 35 42 76 11 15 40 47 91 11 85 1 36 44 99 60 55 82 17 2 22 53 70 14 74 67 64 48 19 3 30 15 87 25 29 77 51 24 93 5 54 12 60 33 98 66 63 65 28 73 91 48 79 22 42 91 56 58 38 82 96 18 10 32 47 74 72 90 31 82 53 92 56 67 63 82 51 30 72 48 57 47 24 57 1 95 33 89 8 5 69 82 32 34 67 59 83 75 86 90 18 20 82 12 37 86 52 46 40 69 88 82 54
63 100 66 1 96 64 4 7 42 97 23 68 60 7 5 31 82 22 10 1 19 62 80 43 15 13 6 100 97 61 10 40 11 39 38 18 61 44 67 72 60 61 33 70 85 88 50 100 21 5 41 38 77 26 84 36 96 11 41 63 12 24 21 17 14 33 0 26 89 14 98 23 71 19 11 70 36 43 91 85 49 46 27 64 8 71 62 21 88 75 42 49 22 24 33 6 32 60 9 38 72 60 45 51 80 11 25 7 22 60 12 7 78 11 16 18 55 97 77 59 13 22 73 86 32 95 64 66 6 70 64 41 62 13 48 44 24 60 60 51 46 66 3 51 100 70 71 96 52 32 33 9 77 15 10 1 9 35 77 77 9 94 98 28 8 46 62 98 2 91 100 92 22 15 35 98 6 41 61 53 30 2 76 20 84 25 55 66 98 38 87 18 88 85 15 78 60 8 28 84
59 58 73 46 25 73 34 99 32 43 59 66 17 49 7 51 16 55 89 40 70 43 28 78 99 95 86 64 25 65 38 46 53 82 6 22 60 58 74 79 59 92 71 3 70 63 78 67 7 47 56 12 25 41 54 56 15 73 25 49 39 31 40 38 18 52 97 0 51 22 33 56 6 77 4 73 19 40 50 29 75 60 100 40 89 60 38 6 53 15 65 42 54 35 73 66 49 2 50 80 55 3 78 28 87 25 27 51 99 71 32 87 20 64 18 93 40 97 57 43 80 91 89 86 55 71 66 3 18 27 98 60 79 28 89 61 34 16 73 51 82 4 15 98 58 82 1 70 25 55 34 47 90 48 23 9 87 70 76 88 82 63 42 76 93 7 46 45 73 12 90 30 97 74 82 92 80 86 81 64 55 79 21 48 7 69 45 34 74 13 46 49 24 94 36 74 93 23 41 90
62 16 90 45 32 45 5 58 91 32 27 71 70 79 54 3 98 78 34 55 2 78 36 30 66 74 59 100 27 9 18 25 41 76 81 53 30 74 32 31 30 17 33 55 67 22 18 16 36 84 65 30 8 36 54 31 36 77 58 4 37 3 69 66 51 89 7 21 0 95 79 99 73 50 52 32 51 2 40 11 47 100 66 16 92 91 88 24 35 71 50 15 4 58 96 3 49 11 26 45 47 84 79 86 94 6 21 16 97 82 58 82 40 46 88 94 9 37 29 22 15 83 86 5 24 44 12 6 29 46 36 65 1 17 11 93 92 63 61 50 35 12 63 63 62 72 54 71 52 58 83 68 64 55 24 8 26 76 36 19 83 88 49 45 21 97 49 64 85 93 79 92 42 15 36 67 98 76 17 87 95 23 98 66 87 80 80 32 68 57 79 31 71 76 71 19 84 57 24 31
9 7 31 4 98 8 87 88 20 2 4 82 16 60 91 72 55 89 14 53 20 15 17 76 9 23 54 93 69 52 28 38 58 57 18 41 55 99 22 72 52 3 24 56 96 52 33 55 15 23 67 79 48 72 51 8 65 52 92 5 58 27 86 78 74 4 51 26 32 0 51 72 46 6 35 28 49 83 72 60 65 38 30 54 50 25 34 44 62 95 88 95 89 1 18 77 61 55 84 86 53 86 85 66 85 13 29 12 94 33 19 37 3 81 61 40 39 90 69 20 85 2 34 14 12 23 20 81 45 15 68 24 73 77 80 59 47 90 58 52 57 2 14 55 86 88 80 27 48 25 2 36 47 19 35 82 10 12 49 71 36 27 41 12 42 69 5 67 39 9 69 33 39 13 72 34 45 87 88 5 50 76 13 35 27 90 71 38 47 32 47 46 92 46 91 6 12 94 87 71
17 26 47 54 73 99 62 23 27 30 97 2 78 60 73 29 57 83 1 2 87 79 79 2 52 82 81 42 35 56 11 10 53 85 87 23 89 92 12 65 62 52 54 92 2 33 46 54 81 18 22 74 62 20 68 64 67 97 47 33 95 90 48 16 67 50 58 29 49 60 0 5 28 29 74 52 61 56 19 86 11 63 34 5 31 100 60 28 83 43 40 70 6 76 9 67 89 63 36 36 35 15 43 49 49 87 8 55 73 71 10 66 59 79 60 99 92 29 39 95 71 31 47 98 30 26 89 56 86 57 48 68 53 17 48 14 51 82 46 2 38 46 69 93 87 21 40 19 58 45 1 98 5 67 74 26 51 61 14 94 26 85 6 78 4 46 88 53 26 5 40 5 74 11 65 21 77 33 74 62 71 4 26 20 51 31 29 19 63 25 100 86 22 63 22 31 54 30 11 49
22 64 89 17 16 97 66 66 76 4 14 96 22 35 61 7 43 91 39 85 6 67 70 23 16 24 91 31 82 57 1 36 52 47 50 66 73 32 80 37 53 8 67 60 44 92 64 56 73 95 53 71 59 61 81 94 14 46 27 58 77 18 14 46 55 63 96 87 32 76 15 0 62 46 34 23 70 15 1 53 26 60 71 39 97 50 21 61 38 12 62 100 94 73 71 5 96 32 98 88 21 25 21 82 28 50 87 96 51 58 48 89 94 88 67 85 60 51 53 74 24 4 49 99 70 49 4 4 98 13 89 41 83 32 95 34 16 21 85 83 31 41 55 99 71 97 44 99 64 47 35 88 40 44 69 64 16 30 35 5 83 56 56 90 98 74 54 87 57 12 98 35 81 44 8 53 15 96 44 72 84 96 5 38 1 16 32 90 8 14 85 45 75 13 100 86 62 86 22 29
48 2 45 58 14 92 61 81 46 16 28 53 37 9 37 66 43 30 65 59 96 19 38 91 60 30 71 70 46 13 87 88 4 35 57 74 14 21 97 24 9 85 5 42 14 99 2 46 31 24 39 37 33 1 78 85 72 49 3 38 94 45 6 55 98 43 20 64 40 9 32 90 0 72 92 97 59 16 32 4 27 17 1 48 13 50 63 90 69 75 42 42 34 27 16 29 64 30 63 29 88 24 50 50 23 90 88 46 44 14 47 47 24 45 54 63 27 48 53 20 57 22 71 22 58 37 74 10 49 87 50 32 34 43 47 99 71 48 17 71 88 21 65 99 91 45 74 40 7 42 63 50 62 92 30 54 29 23 9 67 79 81 93 93 2 77 81 91 17 17 56 43 73 57 13 60 14 12 13 47 96 82 30 26 7 86 75 33 20 94 91 18 30 18 7 88 83 13 78 6
50 94 4 84 97 85 35 30 54 60 15 40 32 24 37 94 11 96 52 5 23 98 68 77 77 55 36 13 87 48 13 56 26 66 25 29 77 6 15 9 7 93 57 19 97 37 44 65 33 69 75 61 18 90 30 94 70 79 52 44 44 17 63 17 5 78 43 94 20 27 54 61 37 0 45 74 68 100 61 55 14 3 82 79 45 69 30 83 48 23 64 88 5 34 33 26 33 83 34 11 79 52 33 27 83 12 65 63 88 33 75 55 51 51 62 69 81 95 59 42 87 89 42 71 73 63 12 5 81 95 89 12 68 83 47 22 1 3 67 82 93 7 68 71 19 46 66 68 41 34 53 32 55 60 70 26 34 86 45 52 31 43 28 19 25 47 34 36 80 19 51 54 80 24 67 76 90 91 70 36 49 76 27 60 96 59 28 3 61 10 64 96 25 65 26 71 62 58 97 16
13 4 77 24 98 98 77 53 68 28 45 89 9 34 10 6 54 52 19 80 11 64 11 8 1 37 12 32 43 88 18 14 58 38 60 38 73 38 74 66 61 35 83 8 42 71 65 66 37 1 40 33 18 64 95 8 97 41 41 62 13 63 46 99 41 5 8 99 19 68 73 87 5 57 0 2 100 82 5 1 81 85 43 74 28 36 78 75 25 15 56 94 50 30 25 43 82 17 60 50 39 94 63 66 69 68 46 75 33 14 6 30 98 6 18 66 31 32 25 76 98 93 33 6 47 40 40 9 51 78 25 10 54 76 93 18 75 87 54 1 4 75 63 39 82 72 98 15 33 89 83 1 15 30 97 71 61 33 22 87 43 11 26 31 65 20 36 37 14 28 72 1 40 11 56 56 4 88 30 78 19 41 10 92 40 26 4 70 33 15 8 90 69 70 28 50 92 2 1 98
4 56 94 90 93 24 45 86 84 88 27 3 72 3 87 33 14 81 82 49 30 44 89 10 21 42 62 94 9 10 76 26 43 40 46 2 44 57 82 37 50 45 10 29 100 3 82 13 25 27 95 72 48 58 75 74 99 11 98 12 26 83 73 45 75 6 97 33 4 9 34 92 79 92 29 0 53 8 89 46 32 35 60 78 26 12 12 60 86 84 29 42 47 42 7 19 57 86 56 15 100 9 58 58 76 22 96 76 26 94 89 57 93 90 8 100 28 37 73 61 91 3 12 35 96 90 54 67 73 42 80 71 47 60 31 62 53 11 56 13 93 53 79 37 77 9 35 37 46 71 63 46 9 57 8 25 83 24 74 86 7 87 76 43 37 15 72 78 62 86 70 2 53 38 55 35 36 60 33 65 75 22 81 71 31 29 34 24 19 67 100 98 16 7 35 73 95 33 73 18
15 36 37 76 35 67 89 15 96 20 62 96 99 95 43 12 90 43 68 52 9 96 84 11 31 4 85 78 100 27 42 17 65 93 84 7 50 51 73 96 60 76 15 13 63 17 17 28 26 71 55 96 80 57 22 91 89 89 82 74 25 79 35 33 76 99 41 99 75 30 48 20 34 97 14 5 0 67 17 83 36 53 62 76 81 85 49 99 16 69 51 50 85 98 92 92 36 11 76 3 28 6 5 68 9 3 61 17 24 98 14 37 4 94 11 37 35 31 40 41 91 92 25 45 98 70 71 33 91 83 23 62 41 62 71 71 44 54 90 10 66 73 24 28 84 43 54 84 22 19 23 62 37 81 87 87 10 17 74 62 9 3 53 42 20 56 20 43 21 52 87 51 59 63 55 46 20 37 76 23 42 5 85 56 95 5 65 100 17 76 95 100 60 32 52 4 51 55 69 22
60 32 97 58 67 65 48 4 35 51 72 96 98 36 10 33 60 40 24 32 87 35 54 45 30 98 22 34 87 88 65 90 64 75 79 49 93 63 34 95 46 38 82 42 32 16 7 20 78 65 47 39 56 9 61 18 92 72 11 89 55 2 84 49 27 64 33 11 74 68 9 25 85 21 54 33 18 0 11 51 56 87 69 22 70 64 71 26 16 74 66 38 25 49 74 95 14 55 60 76 92 86 80 62 88 40 33 89 4 5 2 6 67 5 83 22 39 18 85 89 22 56 65 7 95 67 100 97 49 49 63 31 40 41 25 8 54 83 45 90 61 41 4 36 24 73 44 94 31 35 2 76 31 2 97 98 17 78 35 46 70 25 12 34 39 50 84 63 81 73 38 78 71 45 79 30 51 50 95 63 59 95 66 17 93 67 93 68 9 50 92 66 37 86 55 69 69 67 32 64
4 24 100 84 2 6 87 7 48 86 89 31 69 18 46 31 35 88 62 20 89 27 42 6 30 22 82 29 74 78 63 82 43 34 58 80 55 53 77 80 71 11 50 84 75 92 2 3 32 93 52 2 39 16 10 41 77 11 86 17 66 40 65 77 33 88 13 54 92 76 89 56 20 46 77 45 52 76 0 81 40 14 26 18 70 42 67 15 44 86 14 6 82 57 81 83 77 60 93 40 39 14 75 18 39 47 31 10 23 43 31 24 18 88 19 56 33 9 94 98 82 49 47 52 86 56 29 53 67 91 39 92 42 49 88 16 89 84 58 99 33 94 57 94 34 14 91 35 35 22 86 26 15 74 14 40 67 37 51 66 26 6 72 88 20 62 49 97 3 48 7 29 67 76 54 80 50 28 80 35 38 92 31 20 99 86 2 63 77 41 84 70 67 37 58 97 35 11 36 95
32 1 73 63 2 65 94 94 25 90 76 71 80 31 21 96 87 19 88 53 75 9 100 11 57 65 47 86 33 26 23 34 92 25 13 3 84 65 16 3 8 69 92 4 76 79 19 57 90 67 1 81 36 11 75 14 96 52 7 5 70 97 26 99 92 46 95 93 48 48 66 67 45 19 23 97 55 48 26 0 96 48 60 54 64 79 53 21 38 44 43 100 35 44 50 63 29 71 78 47 82 95 18 22 71 11 9 23 91 87 10 74 68 66 56 50 85 97 38 53 93 22 30 100 6 1 75 53 21 93 47 45 30 47 11 37 55 74 24 94 34 27 74 71 14 3 85 76 9 100 33 25 83 81 58 41 86 64 62 19 31 55 95 52 100 67 96 31 18 99 98 25 13 100 42 25 1 87 1 39 3 8 8 55 1 97 85 69 14 34 66 22 70 44 81 21 64 95 71 23
49 77 81 28 88 48 55 79 86 70 35 68 44 15 62 4 99 43 17 89 7 58 75 26 75 44 76 25 4 20 5 78 59 28 3 99 64 54 82 83 85 1 35 43 48 31 27 32 84 22 77 24 21 24 73 95 5 68 6 49 38 37 63 57 53 1 14 54 49 50 25 87 69 56 65 64 38 11 3 70 0 21 26 4 84 83 37 80 64 77 54 74 40 94 22 7 90 91 71 41 28 26 9 86 44 67 69 37 19 79 52 18 20 33 48 20 31 33 7 80 43 67 41 68 29 73 64 35 49 24 42 63 78 20 18 99 14 66 10 47 47 10 64 36 84 33 39 92 14 48 65 57 70 38 86 24 63 18 94 10 72 29 14 42 80 63 41 62 20 43 70 39 41 76 34 17 3 60 11 8 69 80 8 59 26 46 51 26 47 79 56 91 33 37 16 21 62 26 19 41
63 97 5 37 13 96 95 89 21 7 72 67 52 20 54 66 58 72 87 43 69 77 39 72 46 5 68 92 40 21 6 66 76 57 64 53 99 99 93 81 49 26 95 87 3 69 94 95 52 20 42 57 73 78 74 80 57 80 52 63 49 69 37 68 93 34 94 75 15 52 47 47 41 60 39 99 85 34 100 20 62 0 17 25 1 54 54 41 71 19 99 50 90 43 98 17 7 55 6 100 12 100 96 25 12 47 42 1 20 11 28 21 22 14 80 71 88 62 80 28 37 51 25 33 13 96 75 4 11 37 66 80 50 48 79 40 1 24 95 100 44 17 75 84 46 66 52 80 48 63 45 36 98 47 11 1 52 5 41 97 40 53 36 68 62 69 92 47 68 96 100 16 52 91 34 61 30 51 34 13 94 14 9 12 78 65 65 87 12 81 79 41 86 17 96 52 69 96 32 82
67 27 96 61 36 73 10 69 20 36 82 89 87 23 3 45 29 2 54 78 11 26 46 22 73 50 45 18 70 12 2 58 85 16 12 40 45 90 78 3 55 91 75 24 38 17 3 38 71 94 71 63 18 62 6 11 57 72 44 12 52 91 47 30 41 97 68 84 65 55 23 67 6 22 54 31 70 46 91 3 88 9 0 95 52 50 94 62 17 63 74 77 10 81 55 19 70 53 8 7 89 10 4 36 82 79 6 78 81 93 8 88 64 33 54 99 23 73 82 58 66 41 54 83 46 8 82 77 58 36 58 61 12 34 21 50 42 13 23 68 74 98 60 92 94 20 39 46 12 69 74 83 25 48 74 94 22 61 70 21 51 42 59 91 36 11 14 68 22 76 89 99 39 57 6 71 72 66 10 57 17 68 34 61 6 37 35 99 93 55 67 24 88 83 22 45 5 63 74 7
39 36 23 8 67 90 10 73 90 84 16 8 64 84 17 59 70 22 41 78 16 56 47 70 82 7 1 62 96 60 83 19 59 29 15 50 74 69 47 45 53 52 9 34 40 44 60 18 16 57 68 98 6 71 96 78 28 94 50 39 7 89 71 31 89 87 23 74 8 14 23 47 76 20 44 28 30 28 91 86 28 57 92 0 56 39 65 28 45 62 20 90 96 37 86 91 80 50 42 76 88 10 25 52 48 51 95 15 37 9 60 54 86 63 69 92 67 87 76 69 6 100 65 17 12 43 67 14 5 4 59 6 19 15 54 11 84 87 89 16 2 49 84 81 78 92 75 53 8 51 33 3 6 71 38 58 87 11 100 34 59 29 68 12 88 88 1 24 38 63 9 44 54 18 24 91 67 63 54 27 11 58 76 32 97 46 45 51 14 56 33 61 97 81 98 36 6 87 15 2
31 75 65 35 14 77 52 22 65 36 86 70 31 64 62 47 34 41 27 94 45 55 98 29 52 54 10 84 42 66 58 47 90 63 64 93 93 49 92 64 87 84 79 10 48 54 61 19 85 53 61 28 51 74 7 52 59 30 30 65 87 73 79 9 52 12 10 25 28 87 48 62 94 54 77 74 35 7 94 81 55 89 81 97 0 65 84 92 34 99 97 20 63 58 18 39 93 29 81 75 77 11 34 40 47 17 43 24 95 20 31 2 13 92 97 61 45 6 6 61 37 92 85 34 93 63 39 48 91 100 15 63 27 93 66 5 37 29 22 24 10 86 27 100 83 15 10 36 19 23 66 11 67 29 76 34 45 97 36 36 14 25 28 11 92 47 51 93 2 78 7 21 20 78 58 55 10 53 35 41 9 84 79 16 58 47 58 39 5 48 35 10 60 37 87 53 27 72 54 73
99 51 94 83 72 96 16 21 40 10 56 46 65 48 89 2 24 17 65 72 34 97 26 62 47 8 97 22 22 57 66 26 4 76 92 19 73 63 22 29 63 25 38 50 48 100 69 7 70 92 43 87 64 12 60 63 12 49 80 19 35 13 7 19 81 22 84 63 74 59 23 58 60 82 24 17 17 15 86 57 51 24 83 3 59 0 21 82 7 11 81 99 42 95 81 26 63 46 33 34 85 24 25 27 42 67 6 98 47 38 25 68 22 77 44 54 40 54 70 31 61 24 99 98 88 38 17 98 24 34 24 15 51 11 57 6 60 35 61 60 4 45 20 8 92 10 56 71 82 59 6 75 49 10 36 30 22 96 76 27 45 2 88 82 31 27 6 25 4 6 86 87 48 76 46 88 34 35 5 22 77 44 91 78 39 22 4 26 71 77 30 81 21 26 21 63 23 63 17 79
54 38 94 66 43 69 39 23 100 84 43 79 42 26 13 65 83 97 50 30 30 20 81 85 30 34 30 3 25 53 57 89 3 12 68 30 49 69 96 54 26 49 61 91 91 49 22 87 81 89 63 98 25 7 50 62 63 42 91 21 68 27 87 38 25 60 5 89 59 55 1 51 28 2 92 17 37 68 19 93 18 74 10 31 83 84 0 52 97 60 17 29 49 48 22 19 38 77 33 73 65 31 45 29 77 38 6 43 93 60 69 98 89 24 50 60 5 60 35 25 65 13 49 68 95 61 46 28 93 99 41 43 94 54 57 48 25 4 10 63 36 5 78 79 82 80 95 24 42 80 82 97 42 94 44 43 84 99 6 10 40 16 38 68 50 21 48 48 49 22 14 40 73 46 20 38 1 51 83 91 44 67 84 21 60 56 31 63 47 90 84 86 74 62 37 35 27 18 10 74
31 72 6 1 8 29 63 38 8 47 64 84 90 41 32 73 52 5 89 43 29 26 26 36 19 27 38 8 93 35 39 69 47 51 26 51 26 93 71 71 22 30 82 40 37 90 59 52 5 90 88 40 85 31 85 59 92 9 25 25 58 23 98 91 4 65 69 97 22 13 15 86 27 78 99 99 87 98 97 51 7 84 14 18 83 61 85 0 84 76 30 2 64 48 1 92 96 66 75 48 59 68 95 68 51 67 49 93 40 86 53 18 49 71 33 40 48 99 40 82 59 43 89 60 9 99 55 26 25 93 58 63 27 49 78 42 65 15 18 70 56 26 4 25 87 72 7 26 6 94 21 3 59 98 34 76 21 89 68 6 82 78 36 2 35 60 30 81 77 71 41 80 74 77 33 32 28 46 84 20 81 35 90 50 48 71 96 50 32 80 20 76 22 4 15 69 19 9 91 69
66 29 58 64 99 53 57 81 57 26 98 54 97 66 68 53 47 57 25 62 49 7 63 86 62 47 18 91 60 80 93 26 33 15 25 49 6 46 89 25 86 71 60 79 21 80 40 53 72 73 16 51 88 87 73 86 73 83 80 50 14 74 40 39 33 44 10 49 16 26 44 80 82 69 97 36 62 48 20 21 22 5 45 7 3 42 66 62 0 88 81 91 8 72 62 28 1 51 65 69 98 21 11 97 69 37 1 91 85 68 14 94 3 26 60 76 72 55 15 86 40 90 37 18 18 38 33 93 8 91 84 34 81 52 61 62 18 68 46 33 70 58 7 9 45 3 47 50 43 51 51 9 44 28 73 45 19 54 49 63 92 16 72 57 70 81 10 82 21 15 8 63 23 96 94 13 97 26 28 93 36 65 80 80 72 2 79 72 5 70 88 70 52 47 90 6 61 94 12 64
43 74 87 9 27 87 59 49 13 95 33 78 87 81 73 5 59 3 34 15 50 74 38 43 30 27 100 93 30 72 94 86 20 99 48 43 92 75 94 99 13 65 54 61 83 24 14 93 4 84 15 38 24 67 98 8 96 93 53 19 76 50 29 19 55 37 10 53 4 75 40 6 27 84 5 51 1 62 32 49 16 48 56 21 73 16 76 27 31 0 36 33 62 84 26 100 3 22 90 26 11 44 48 76 46 81 90 100 98 38 66 98 79 3 96 59 28 37 38 96 58 15 5 81 52 62 12 3 42 67 83 74 38 7 25 99 27 9 76 47 76 39 49 100 89 76 15 84 36 74 17 59 95 32 76 4 31 98 57 78 40 35 99 65 36 47 47 48 94 13 97 80 67 7 98 99 46 53 18 18 39 26 12 39 93 1 76 66 29 40 21 46 34 10 14 64 22 98 94 71
81 98 26 97 9 65 10 2 53 84 73 9 79 59 92 31 7 79 61 28 21 15 99 34 58 80 94 37 33 17 85 32 97 71 66 22 49 16 84 29 12 59 75 37 82 55 64 100 95 95 45 81 62 44 99 19 45 33 24 75 47 16 84 72 46 78 39 41 54 25 65 44 90 99 40 75 54 83 77 92 76 42 29 5 62 64 35 19 64 96 0 87 30 34 91 60 74 65 1 25 36 74 4 69 56 51 35 45 90 85 34 87 30 2 55 40 16 44 96 56 32 45 66 85 87 72 58 21 2 56 89 65 82 4 53 87 16 95 66 86 42 81 86 57 19 61 69 28 19 44 19 29 2 86 7 78 52 91 52 18 65 21 98 55 52 24 28 48 93 50 55 22 23 29 65 23 38 1 23 33 81 18 32 16 47 49 91 19 32 70 30 76 14 26 52 46 9 62 100 59
94 48 43 30 86 64 88 30 43 6 26 56 67 34 14 97 1 64 54 16 24 69 68 59 13 5 11 51 81 62 62 65 39 81 2 50 43 40 23 98 74 92 90 53 100 44 70 85 8 25 71 100 90 100 26 38 39 89 70 1 24 84 94 53 96 45 76 9 100 24 62 18 44 7 31 67 100 48 56 72 54 26 23 64 85 19 56 25 11 73 98 0 25 87 37 64 16 10 33 77 23 31 32 9 91 12 32 33 38 47 99 48 89 41 58 22 51 26 2 89 77 61 91 63 3 81 11 88 21 100 67 24 37 95 64 95 88 82 9 83 60 50 59 41 5 12 13 56 70 24 5 51 18 33 2 73 42 46 79 73 77 2 8 35 19 89 68 1 58 39 19 6 51 80 9 53 99 92 47 77 13 87 68 12 83 16 66 4 71 83 98 13 68 61 45 32 88 31 72 27
57 74 39 98 51 1 82 82 92 80 84 8 67 47 79 69 49 42 11 67 45 55 70 50 13 100 64 8 97 3 25 29 12 27 44 23 29 6 20 53 76 88 44 47 40 69 6 1 95 53 29 79 76 19 17 17 13 19 55 58 14 49 53 79 60 47 41 45 40 18 53 6 18 40 15 20 2 76 6 46 14 75 76 24 66 25 73 97 35 99 5 16 0 1 8 33 40 76 97 72 71 33 17 23 69 26 73 49 64 6 20 9 86 70 39 45 58 41 23 24 64 92 31 97 48 81 44 26 57 12 81 44 39 12 84 56 57 81 98 66 46 39 50 68 98 98 25 22 73 49 52 37 8 35 83 85 27 60 21 70 30 62 20 92 27 72 54 95 3 39 7 15 76 2 73 16 74 10 58 96 65 35 17 59 7 25 4 84 61 43 92 27 15 20 41 90 80 66 31 96
63 63 5 78 28 94 25 68 62 59 37 88 61 58 81 24 23 62 17 10 62 17 43 99 16 94 84 73 81 37 8 30 9 90 71 73 16 33 39 87 94 5 10 48 66 80 4 11 8 85 26 11 10 35 53 12 92 65 69 9 84 86 75 87 69 32 97 10 22 31 6 19 21 15 34 61 16 6 7 84 32 75 47 67 88 100 27 33 57 85 93 66 11 0 5 87 38 90 4 88 7 30 89 82 95 16 62 80 48 19 78 4 19 85 55 73 58 17 9 3 50 77 81 99 44 19 73 85 35 38 34 27 6 98 99 84 22 7 62 60 88 50 56 41 12 9 54 7 96 89 17 8 98 37 57 4 43 72 98 47 47 99 87 38 53 16 44 19 98 6 1 67 96 27 56 22 39 2 7 34 89 64 69 35 95 41 55 75 92 34 9 40 56 46 3 30 91 14 97 95
94 9 78 72 54 28 84 14 93 45 59 12 50 70 65 71 8 16 89 20 89 41 94 96 63 71 97 50 28 90 53 44 38 35 63 23 73 42 11 45 12 41 94 15 85 42 32 60 53 39 19 27 95 96 28 8 84 21 22 26 39 77 37 95 34 58 65 13 1 93 91 3 53 80 3 27 35 82 86 14 26 43 74 29 7 8 16 95 84 94 41 31 98 14 0 25 39 6 32 67 80 46 4 37 73 57 36 50 74 41 96 69 70 76 78 25 1 15 21 81 5 41 76 23 83 44 75 20 93 59 38 98 75 20 41 52 70 10 38 12 98 5 93 42 27 29 80 53 67 49 83 40 15 85 4 11 45 81 38 46 35 79 71 21 23 63 34 100 30 50 2 33 51 69 84 96 10 66 43 10 28 63 10 1 64 26 38 22 22 82 48 24 7 67 85 77 66 83 52 99
26 27 60 100 27 100 87 77 41 47 10 87 59 19 57 59 16 26 21 48 68 81 25 26 45 12 14 13 87 20 35 59 53 11 3 10 68 1 52 85 70 81 76 21 52 68 46 71 100 91 19 52 78 11 53 83 79 76 15 83 46 15 23 44 35 85 37 63 93 6 68 49 9 26 26 19 7 2 71 80 71 83 14 7 60 76 23 20 67 13 100 48 52 70 27 0 47 93 80 56 2 99 50 27 21 96 56 64 30 37 72 61 91 13 73 79 60 3 41 29 13 65 85 65 78 24 22 64 16 74 46 41 43 29 97 89 72 65 93 77 42 33 68 83 63 39 85 70 32 2 4 65 1 83 42 58 49 22 8 83 22 22 14 60 11 35 11 18 71 80 43 11 86 32 5 39 13 20 55 31 14 33 31 32 76 67 11 50 76 23 62 6 61 5 28 64 70 50 92 49
5 63 61 60 98 77 3 35 48 92 39 25 11 85 16 98 91 89 71 62 20 46 18 21 87 92 52 95 59 48 32 19 55 32 83 41 23 28 11 81 1 51 73 2 31 89 89 34 54 11 52 38 77 55 43 26 9 74 94 47 55 19 63 36 92 34 61 54 13 57 11 86 28 90 41 32 21 21 44 86 32 31 61 6 17 59 32 47 62 76 82 97 81 63 77 8 0 9 78 94 91 27 9 16 69 8 92 11 72 6 38 75 60 14 68 26 82 23 77 51 21 72 76 24 45 94 55 67 51 94 99 100 92 98 79 42 45 46 6 99 61 17 71 73 9 79 75 19 65 13 9 31 48 87 24 45 78 98 51 91 12 86 29 46 16 33 4 34 37 33 74 6 65 58 100 98 49 100 95 32 81 48 32 64 4 80 24 83 34 32 19 7 12 54 92 13 16 45 98 2
35 58 66 10 66 75 45 38 100 72 100 69 100 95 32 46 29 15 43 96 39 12 4 37 8 53 77 63 56 58 23 24 1 60 14 8 98 86 43 17 21 81 94 86 19 31 44 37 70 79 45 18 38 96 29 71 89 100 31 41 92 31 51 42 31 40 76 13 15 83 5 55 73 68 6 20 85 3 45 29 77 17 18 6 95 77 62 95 54 98 99 11 32 68 32 98 27 0 22 42 20 93 3 56 40 53 35 91 89 32 36 57 78 32 64 83 61 30 98 16 31 34 76 51 82 35 47 60 98 60 53 96 4 62 86 63 24 26 74 37 94 46 25 47 8 60 13 86 34 79 64 14 30 96 54 21 80 82 17 42 16 33 69 12 59 100 79 6 28 31 96 57 56 36 43 27 75 52 15 70 92 1 66 60 43 13 43 37 47 73 5 63 91 27 67 64 60 9 71 77
98 75 10 26 69 94 34 22 68 2 43 68 17 5 26 66 20 61 75 21 73 28 41 18 91 86 35 19 62 11 93 45 87 97 11 80 87 100 17 99 5 76 29 14 76 23 12 93 44 48 43 23 32 87 29 15 88 26 81 74 39 11 82 25 44 14 20 20 36 54 85 39 40 39 60 67 13 7 66 44 63 25 63 91 10 9 86 39 50 34 3 16 46 4 13 77 47 6 0 13 69 98 7 5 32 55 99 84 48 92 56 33 100 89 74 7 95 81 40 64 52 45 31 96 65 19 36 7 70 10 93 25 15 68 100 50 80 72 60 3 72 25 32 35 20 70 49 69 73 64 46 58 33 37 78 74 33 46 41 88 87 79 99 81 43 90 93 35 98 1 2 42 47 40 73 4 76 50 7 8 20 59 80 68 31 94 69 9 29 95 4 55 88 100 11 64 59 24 62 17
79 96 68 24 49 45 12 8 16 6 76 98 29 86 46 72 48 80 68 99 88 83 33 48 78 80 62 47 74 78 7 24 26 100 11 19 75 100 65 90 37 48 20 75 51 77 35 51 23 92 45 61 75 8 20 16 39 63 48 61 85 44 47 59 87 61 83 95 88 78 32 34 74 17 34 100 34 80 60 64 12 24 70 42 80 55 77 79 2 56 5 27 54 62 52 67 91 90 8 0 41 77 69 4 33 47 22 59 21 54 95 54 41 48 5 53 75 57 52 35 33 36 33 69 56 4 88 48 99 5 33 78 5 92 46 22 51 17 1 67 77 16 34 31 18 74 64 36 55 58 48 47 44 95 33 16 17 20 26 12 12 49 97 88 90 79 62 83 95 23 60 98 69 83 61 31 44 78 55 100 96 22 5 85 27 6 28 21 38 80 96 7 73 15 27 3 57 14 55 65
46 85 69 68 85 84 52 12 3 61 8 96 38 20 33 41 28 10 23 33 2 94 35 19 55 12 61 95 93 63 43 72 23 96 98 89 99 5 4 17 22 34 78 78 46 55 59 59 39 25 16 36 82 30 93 50 5 19 40 100 39 24 29 26 23 67 18 80 54 96 55 9 2 53 20 68 8 84 26 2 62 49 80 82 77 82 71 25 44 36 4 94 30 56 60 33 77 82 28 30 0 72 37 35 5 50 87 92 95 3 33 24 24 30 22 47 94 8 80 54 88 68 68 89 88 23 44 38 54 66 38 62 63 74 98 46 77 51 14 45 87 32 18 96 59 94 99 50 34 90 76 5 67 76 66 68 64 98 71 10 37 70 10 19 75 31 49 82 44 57 93 67 44 90 81 62 99 39 8 87 28 92 48 3 46 81 27 39 4 62 77 40 50 48 86 31 29 12 50 45
20 67 57 10 1 94 100 62 22 92 61 24 45 42 10 82 92 98 25 8 65 76 35 8 77 96 30 94 27 36 91 25 63 49 88 90 32 83 6 48 91 23 43 23 85 23 97 17 98 52 14 73 3 27 75 74 93 20 19 4 39 20 26 25 26 84 77 91 43 58 32 24 21 4 21 46 55 12 42 35 4 74 58 100 77 92 60 50 23 33 8 89 38 31 66 61 77 88 29 61 83 0 75 100 42 17 88 71 20 29 40 40 50 6 69 63 88 21 6 43 96 83 54 62 78 68 34 88 37 36 20 22 85 32 45 96 2 67 63 49 72 53 31 79 17 20 17 19 33 65 94 42 52 69 77 91 29 8 45 59 1 15 49 18 37 73 73 36 88 47 60 88 96 8 67 76 80 45 37 25 66 46 3 68 11 69 2 85 99 76 7 11 85 5 78 21 34 64 86 27
65 20 52 31 15 46 50 41 59 7 58 22 81 4 10 93 11 54 38 44 49 58 21 68 5 55 24 45 85 95 69 73 47 68 14 3 85 54 8 17 62 76 79 33 73 82 75 86 9 18 1 46 65 75 42 55 25 69 43 52 68 59 65 38 63 93 35 3 30 90 30 69 78 49 77 90 34 26 53 42 42 3 46 49 5 55 19 83 21 31 26 14 25 56 39 51 94 16 7 11 38 80 0 24 27 41 5 99 37 56 18 57 85 28 10 38 53 55 58 55 97 26 85 45 13 30 49 83 31 98 13 29 83 29 57 89 50 72 46 70 31 99 43 86 100 41 23 12 72 69 51 15 35 78 22 78 79 25 80 8 94 89 44 77 88 55 53 18 22 40 26 53 39 84 57 69 34 60 45 49 28 98 36 50 63 74 23 74 84 49 51 54 53 58 24 100 41 37 4 90
24 27 18 53 6 33 84 89 95 88 69 32 92 61 83 5 77 87 56 24 46 73 75 51 79 44 54 86 99 89 86 46 31 67 50 14 22 35 19 51 88 75 72 54 45 8 69 48 31 75 41 62 27 35 32 16 72 73 22 30 96 28 38 49 47 6 66 55 21 11 59 23 8 52 84 83 78 22 70 34 43 44 50 24 34 38 2 60 60 52 68 37 82 71 41 84 37 78 34 37 19 43 9 0 92 15 31 89 58 95 83 33 48 93 49 42 59 88 50 40 49 36 33 20 19 85 64 47 63 92 62 73 91 38 21 34 3 97 76 25 60 9 71 44 61 19 61 31 87 84 39 68 75 15 88 21 58 71 21 4 53 100 17 88 26 48 91 13 59 71 31 46 12 82 34 89 70 91 66 15 35 30 5 44 55 46 37 9 81 58 52 4 46 45 57 39 57 97 71 21
89 12 92 98 75 84 48 93 63 72 67 47 39 14 13 97 25 68 48 34 54 6 71 70 60 4 9 6 5 43 8 37 76 93 67 75 20 31 58 48 51 87 48 99 41 1 61 59 16 17 37 37 18 53 85 99 32 49 45 85 34 24 17 14 29 44 48 94 56 18 74 85 34 55 41 62 90 98 78 97 48 57 73 42 84 49 6 87 29 78 93 95 79 87 44 68 79 32 44 58 2 49 69 70 0 41 24 62 81 77 61 28 85 67 81 70 96 77 89 6 38 69 89 57 10 85 61 68 59 51 42 77 21 15 76 20 5 20 34 11 89 100 23 72 29 7 76 57 65 88 78 93 88 64 37 61 84 35 49 33 11 57 60 84 93 95 92 97 31 10 26 32 36 95 59 36 6 24 22 51 67 90 35 39 44 51 74 77 30 90 99 47 19 68 65 90 35 81 40 74
56 12 63 89 58 43 93 14 64 39 64 78 39 90 20 16 52 58 45 90 79 13 75 86 85 81 97 61 31 54 68 53 60 77 6 95 81 64 90 29 54 55 73 52 9 73 9 28 90 64 25 70 81 13 50 26 75 11 93 51 45 65 41 8 90 54 41 40 16 49 97 72 30 37 81 95 84 31 19 43 11 13 83 34 74 69 71 39 93 71 48 62 68 79 98 38 100 79 54 70 26 67 34 33 82 0 9 49 21 34 95 49 97 98 71 13 19 47 2 3 98 85 24 54 44 74 96 27 10 8 43 89 7 60 25 6 67 35 46 100 53 5 70 4 90 45 92 45 39 12 8 84 5 94 31 63 96 89 59 24 26 43 98 16 93 22 72 88 94 53 53 50 31 70 35 38 91 42 20 31 92 97 22 100 33 99 72 92 98 62 84 98 53 97 54 5 18 35 63 40
34 36 21 11 42 85 11 17 94 54 28 49 92 86 85 83 51 53 18 16 50 25 28 36 19 1 40 51 20 77 31 30 39 52 3 92 28 62 93 49 33 45 75 13 37 14 16 3 25 76 98 72 28 33 91 35 56 57 15 11 54 42 76 71 93 8 7 93 76 96 82 20 70 51 15 58 38 38 40 82 57 28 67 59 64 92 76 74 60 67 56 68 55 79 45 90 80 45 96 8 86 5 86 32 67 12 0 53 17 55 66 52 52 46 32 34 37 98 28 64 37 59 40 2 38 9 24 55 56 48 43 26 31 47 91 88 24 19 35 91 85 32 94 25 19 23 54 66 62 26 22 38 92 82 52 15 62 51 65 65 15 77 50 10 81 89 11 44 89 85 34 85 50 61 70 75 5 86 60 24 83 88 38 95 84 51 82 11 7 97 46 8 29 15 17 88 70 29 72 20
58 91 87 47 28 50 29 17 41 98 87 87 79 76 95 35 100 27 16 68 73 79 26 59 2 43 66 51 75 35 72 85 75 96 14 83 32 23 61 48 72 19 7 65 55 31 35 65 76 35 4 51 52 45 86 63 81 35 87 52 67 20 25 54 97 56 37 56 1 84 72 35 85 45 63 19 13 39 48 1 21 29 3 18 97 91 30 12 62 37 41 99 42 46 69 9 90 59 79 48 4 21 23 19 12 36 1 0 3 15 6 79 100 94 99 5 17 91 66 78 97 49 23 28 58 29 27 90 78 69 29 67 39 68 6 29 83 97 16 71 29 85 50 60 26 27 99 6 52 42 28 70 90 59 71 12 88 47 89 28 62 55 50 66 95 53 92 24 52 33 9 90 100 41 77 75 15 69 83 37 86 91 22 33 69 86 52 64 35 80 78 81 69 18 10 76 5 43 45 94
53 83 39 14 9 65 69 64 77 43 2 36 71 37 41 48 47 73 73 93 36 73 84 96 46 5 62 65 20 19 82 80 59 60 63 67 72 97 60 82 35 17 7 5 84 73 91 15 87 33 72 39 54 97 49 40 49 40 20 76 9 56 72 42 50 22 67 12 28 39 33 74 11 8 16 53 93 89 66 86 82 32 88 18 10 52 64 66 8 92 1 83 71 58 61 28 41 3 4 47 9 25 52 4 5 71 44 23 0 57 3 4 37 11 9 21 10 43 3 1 50 93 44 90 100 92 22 47 2 61 51 95 38 72 46 65 24 94 78 39 33 89 26 27 91 16 17 43 3 90 69 16 83 48 20 97 8 48 75 9 51 41 20 90 90 29 23 100 69 90 9 81 97 64 99 38 30 85 87 18 52 42 70 77 47 26 25 4 95 8 37 11 80 58 84 7 10 15 39 37
97 48 93 50 5 11 25 24 84 80 59 82 82 80 86 40 8 82 74 90 80 32 92 60 49 91 55 60 44 59 2 68 82 65 33 90 79 49 64 55 6 2 85 31 57 44 26 37 19 53 95 98 25 67 17 86 70 65 91 67 2 44 52 5 89 76 46 46 11 59 77 82 36 94 34 33 73 97 57 88 20 11 57 6 24 54 83 64 75 40 30 39 70 79 90 72 34 26 90 60 35 41 83 69 97 37 45 49 66 0 24 43 57 3 35 79 21 6 56 91 18 15 19 87 92 66 96 43 9 85 99 39 73 14 22 94 100 2 58 74 41 39 72 77 29 48 14 21 87 43 62 36 20 28 15 91 34 46 86 99 41 65 86 45 94 19 83 54 7 16 51 86 38 69 74 14 66 18 43 23 8 3 16 74 62 40 43 9 45 72 25 79 6 16 52 66 29 55 99 68
3 89 56 92 1 100 89 67 82 66 91 2 92 61 21 89 13 28 64 93 1 39 22 26 58 100 4 12 16 98 35 99 50 25 86 80 89 44 2 78 39 32 70 21 43 62 69 62 27 87 9 3 10 10 37 80 99 98 22 67 25 28 78 75 25 50 93 51 57 21 17 21 15 40 27 53 65 18 45 100 73 39 19 80 80 90 21 14 51 45 28 25 94 60 41 85 24 7 68 16 99 82 33 28 36 34 22 85 26 81 0 57 3 4 18 5 7 51 15 51 87 12 63 80 28 26 11 59 44 88 91 16 63 70 85 38 93 12 45 53 77 62 71 100 72 18 49 24 45 95 28 95 59 36 58 50 63 20 38 61 96 43 55 8 29 57 24 9 70 2 59 57 5 42 76 67 62 33 40 4 68 85 43 40 83 86 59 79 27 10 31 31 82 95 35 61 25 50 60 18
46 9 78 16 58 96 91 2 29 47 91 80 63 55 70 70 6 78 46 83 27 63 18 8 1 34 18 30 43 100 60 57 98 27 27 82 63 57 77 8 86 42 14 29 23 74 62 90 72 8 19 21 51 43 97 93 17 34 18 80 83 27 94 76 65 59 49 19 32 90 34 45 76 44 48 98 58 47 75 96 17 23 66 89 31 46 2 41 19 46 61 79 94 47 100 50 83 25 74 90 86 57 98 34 71 35 14 16 87 5 97 0 7 42 18 26 61 8 36 71 33 26 42 64 74 67 44 55 77 80 61 20 7 88 20 9 15 36 42 56 10 6 47 56 100 6 70 92 46 73 74 10 5 50 6 95 14 39 66 3 13 17 87 20 19 82 42 6 87 66 73 2 21 59 39 15 10 30 72 44 35 23 54 95 52 100 5 10 26 89 62 92 40 77 4 34 50 25 46 2
7 81 56 32 29 67 44 75 62 33 32 82 50 69 1 8 58 78 57 85 11 13 78 10 91 9 58 70 95 48 94 13 22 33 31 17 85 94 26 72 72 23 42 58 95 99 7 31 68 51 61 79 40 47 59 40 29 87 18 56 27 63 9 55 69 67 86 11 18 82 12 46 11 8 75 43 11 49 65 50 14 8 66 9 62 40 86 43 71 49 97 7 25 26 83 84 80 54 97 88 95 21 64 5 79 57 85 63 14 28 29 55 0 51 71 66 75 65 19 97 47 96 27 25 92 6 6 36 23 2 99 16 77 25 10 41 96 61 97 77 64 59 95 89 39 64 55 74 33 44 56 74 48 34 11 47 35 65 46 92 34 15 60 16 89 23 94 3 68 69 52 72 11 43 50 63 61 88 36 86 55 3 68 87 82 41 27 60 76 36 39 3 47 84 100 79 30 14 27 7
6 6 75 5 88 37 74 9 91 20 55 47 36 84 50 46 48 66 55 71 43 92 51 90 95 69 32 10 82 25 11 75 31 65 13 27 66 18 89 42 27 80 75 79 89 72 74 90 92 13 73 39 15 15 97 35 82 49 74 58 54 97 58 96 38 62 6 72 70 73 66 82 42 43 92 59 14 58 92 23 52 45 87 74 97 61 2 91 79 65 33 21 6 6 91 26 18 36 58 23 45 95 18 76 44 45 95 80 99 39 1 49 45 0 15 97 67 73 93 68 6 99 45 45 17 18 39 78 86 70 87 2 44 53 16 3 10 45 44 35 45 16 90 72 71 50 30 65 22 19 48 42 65 87 76 43 8 90 89 99 58 95 36 94 14 10 43 92 31 93 53 24 9 24 57 94 59 57 27 81 27 27 69 52 78 25 2 85 76 41 55 47 64 65 31 24 31 90 57 34
19 3 15 3 46 37 92 62 80 52 29 96 86 44 41 67 95 97 24 94 80 8 78 89 18 20 39 6 74 15 13 88 86 96 23 39 39 53 93 16 67 28 85 91 87 72 92 70 59 29 2 83 32 87 73 5 38 35 21 83 36 27 76 90 77 32 100 96 92 57 57 12 18 81 35 72 30 61 85 53 81 43 51 98 92 54 29 23 39 28 96 96 59 56 45 24 70 35 24 99 89 89 31 15 98 43 6 9 67 52 61 56 7 37 0 44 78 36 77 42 80 33 45 5 43 36 51 33 19 74 69 95 98 62 40 28 32 3 82 87 34 30 37 35 96 44 73 44 56 20 71 15 24 67 7 80 86 7 47 23 46 97 33 75 12 95 56 39 52 30 1 89 38 68 95 60 33 32 52 40 59 20 10 25 13 87 38 44 49 96 70 8 21 80 33 77 14 52 67 30
5 73 9 13 73 79 60 31 5 47 81 11 79 56 84 23 21 4 61 77 14 76 90 20 73 29 71 44 74 13 26 69 73 26 50 50 23 8 14 85 66 61 66 58 32 100 70 2 63 26 10 85 27 65 40 30 9 18 24 5 59 6 1 5 8 47 40 53 97 20 98 65 43 10 85 9 31 40 67 93 100 29 79 93 32 37 100 19 81 49 39 51 93 11 51 22 8 62 27 26 66 57 36 88 77 66 51 79 51 45 93 37 38 21 73 0 24 59 74 38 42 50 92 30 92 1 89 22 15 23 93 98 100 30 13 39 78 18 33 48 77 28 65 50 13 27 43 64 15 42 46 41 60 91 50 15 64 98 46 40 49 72 66 79 63 82 99 73 34 32 43 64 66 91 1 95 10 31 65 92 5 73 36 19 40 24 91 51 28 60 76 26 67 92 100 60 29 12 70 52
61 27 33 86 71 99 38 40 56 21 60 36 16 2 76 30 27 46 14 94 36 96 53 80 18 26 83 6 63 71 68 17 38 22 33 76 35 72 38 45 86 17 97 78 60 79 81 23 69 63 85 40 27 5 99 93 57 34 35 17 64 4 16 24 54 13 44 96 63 91 83 30 9 47 46 68 46 11 49 66 25 34 3 53 2 15 20 75 13 17 8 92 78 49 18 17 100 44 95 11 51 67 36 94 44 88 41 27 2 39 59 42 24 84 64 32 0 16 51 2 88 26 21 18 8 81 77 94 91 81 4 84 25 14 4 77 62 80 91 48 78 79 94 39 29 73 27 64 50 82 64 84 49 3 41 17 38 6 49 48 32 37 87 5 9 61 67 97 42 48 20 69 83 58 100 65 17 17 50 100 79 71 34 82 58 33 10 53 28 73 24 32 74 51 76 53 73 59 83 74
30 89 52 67 4 70 49 34 87 75 85 62 31 44 38 32 39 39 10 6 58 97 54 46 6 11 88 56 59 65 40 35 74 47 37 73 11 8 90 84 71 8 9 79 18 53 74 82 32 22 68 25 50 14 19 7 39 19 57 69 52 90 58 20 9 9 46 17 70 88 34 40 21 84 13 7 55 41 77 100 100 89 88 20 22 86 28 13 35 76 30 54 100 75 46 85 57 36 84 26 21 49 53 42 44 78 62 7 32 41 4 66 56 53 87 36 100 0 63 52 77 76 29 60 34 95 79 11 70 92 27 9 96 42 56 84 47 97 70 34 65 35 8 77 44 4 70 56 18 78 21 23 100 64 27 50 29 56 91 22 64 43 95 84 19 43 28 86 57 60 85 87 71 56 59 43 46 96 35 35 40 52 61 66 88 21 1 44 95 81 51 73 1 21 51 90 87 10 9 19
26 97 87 57 47 93 97 46 1 40 16 41 12 24 38 4 75 87 17 34 20 100 94 22 34 64 88 13 92 25 5 100 24 28 11 86 11 45 19 91 51 63 26 69 41 65 1 17 99 92 48 53 57 78 45 57 68 90 69 24 22 45 38 44 1 21 70 68 18 11 44 45 89 46 81 23 98 14 86 86 90 83 9 84 56 18 83 56 17 40 63 64 2 93 60 91 92 3 16 38 16 64 17 68 92 21 5 92 89 80 24 82 87 27 88 84 34 30 0 49 61 15 74 86 27 50 67 12 78 13 83 8 77 56 80 70 17 82 44 96 34 85 11 100 37 14 45 19 87 44 88 38 44 8 72 85 12 55 29 89 4 59 93 78 44 88 35 94 75 33 19 97 92 90 23 89 47 11 45 67 43 96 37 71 99 98 66 57 67 2 80 85 25 80 49 35 7 59 45 74
54 32 5 50 51 36 67 60 5 65 18 47 12 7 29 92 56 59 43 65 49 9 92 41 65 71 23 59 82 17 25 13 63 50 52 43 9 27 1 5 26 82 82 73 28 58 48 68 35 25 8 54 93 94 5 95 73 44 2 73 30 74 64 76 69 9 54 74 5 27 15 3 91 14 99 41 9 60 50 91 18 71 21 35 83 72 31 75 56 27 31 38 54 75 86 83 100 8 32 40 96 4 6 62 39 27 58 48 83 56 58 79 83 57 26 65 8 90 81 0 65 23 29 6 57 71 30 83 45 84 67 26 19 8 55 5 11 42 42 63 2 84 24 37 1 1 91 91 8 7 98 72 40 73 8 43 75 40 48 87 98 38 18 91 27 23 42 14 38 96 55 10 82 66 39 52 60 73 65 31 99 60 7 92 64 98 5 78 76 1 73 29 67 45 45 77 56 25 94 3
18 26 18 75 45 88 77 100 38 94 19 20 15 95 29 97 94 90 44 66 51 38 10 46 36 46 76 10 33 80 8 82 88 87 28 57 50 91 10 56 51 20 9 48 75 17 76 79 46 66 30 17 32 80 33 78 44 12 27 79 66 66 42 93 8 59 63 9 2 58 10 27 32 35 39 92 36 9 56 33 55 73 49 25 25 98 48 1 24 7 94 52 32 39 22 85 24 19 21 3 9 17 17 56 9 20 30 51 65 64 45 60 18 15 7 71 11 44 25 59 0 95 27 54 20 19 97 74 73 79 6 44 63 22 44 67 56 65 14 84 75 35 89 51 60 50 65 22 90 77 83 34 68 6 25 33 61 86 86 88 47 3 52 94 1 33 56 96 79 73 21 86 2 25 100 14 41 64 50 28 72 17 53 10 79 57 16 77 73 34 62 87 29 17 18 14 80 71 84 72
13 100 70 37 21 92 93 6 75 91 62 76 55 67 9 89 49 43 48 40 37 2 59 59 12 100 59 59 86 12 68 64 77 67 20 51 76 96 41 32 41 24 22 65 36 4 80 2 34 80 58 100 25 43 91 23 60 89 59 71 89 67 97 2 1 21 59 30 63 4 31 94 89 43 76 9 27 75 8 51 30 78 13 11 92 8 81 69 37 7 31 41 78 89 66 88 79 31 100 84 66 29 23 62 33 19 35 7 96 74 80 99 100 34 77 11 16 98 98 80 14 0 75 14 5 32 74 51 16 44 25 86 47 52 86 62 38 30 16 36 3 63 62 29 10 14 39 39 23 91 81 89 72 65 100 76 51 81 21 41 52 32 54 21 94 46 100 63 88 36 20 77 25 67 13 62 13 6 71 18 14 66 68 78 65 28 79 13 47 75 6 67 22 82 26 74 21 56 66 26
78 46 40 53 53 1 39 35 70 17 2 26 38 45 12 69 40 84 36 18 81 15 46 5 56 36 75 67 36 78 61 28 74 22 47 85 11 13 28 80 6 59 93 71 30 16 36 11 75 49 50 42 85 25 65 80 13 72 90 27 67 28 61 52 7 98 63 23 76 35 3 42 17 12 64 58 38 87 77 63 87 6 58 65 76 49 58 55 52 71 86 67 54 37 53 66 37 11 72 45 70 19 68 76 60 55 54 50 94 53 38 61 21 45 55 32 20 47 66 42 31 85 0 65 69 53 99 66 46 96 33 79 91 34 5 96 82 25 13 31 40 14 95 36 22 87 88 58 10 62 2 64 98 41 33 91 36 4 16 99 81 8 39 16 28 25 16 39 73 69 38 21 47 62 81 59 73 30 64 42 32 35 83 73 89 70 77 49 5 95 21 61 2 69 11 2 52 77 33 16
4 49 58 1 87 83 67 34 86 91 37 76 24 17 78 20 62 6 7 15 70 62 57 35 54 35 63 50 87 80 52 60 11 84 1 46 36 71 25 97 10 81 74 16 8 2 63 38 74 37 56 56 57 26 94 10 28 66 80 27 17 68 61 6 39 25 98 50 67 3 82 93 76 3 13 73 68 32 98 35 27 16 56 96 18 53 86 17 88 50 86 94 59 59 27 67 47 62 87 33 79 40 19 74 20 99 92 55 78 69 30 58 100 93 11 85 99 60 38 61 14 11 37 0 66 85 20 11 94 35 78 70 72 100 88 4 27 95 40 56 23 80 20 96 32 85 85 61 93 42 16 78 86 31 70 28 20 97 34 90 48 20 89 24 67 19 41 89 21 64 98 85 29 5 41 80 84 51 45 81 16 19 67 86 11 6 13 24 52 97 99 94 61 24 42 25 77 87 1 14
28 67 41 27 85 86 71 26 19 81 51 52 43 92 79 62 29 51 25 94 49 40 62 39 40 54 23 88 83 16 26 38 59 88 5 1 89 42 100 58 80 99 53 22 49 55 63 57 39 27 59 40 59 83 19 31 65 55 43 31 92 79 19 7 70 28 90 65 100 61 31 92 20 42 29 11 72 95 15 44 50 33 66 70 52 41 82 56 94 89 15 40 1 79 67 55 54 58 64 9 100 19 84 91 31 61 25 75 65 97 78 83 77 85 25 62 53 22 43 96 20 59 17 8 0 29 12 72 99 47 67 91 62 61 61 27 44 44 80 19 37 82 36 14 86 41 76 54 94 17 34 82 9 82 81 58 91 89 34 85 11 24 17 3 24 13 54 45 91 99 40 89 26 95 84 98 17 38 9 100 19 82 42 88 80 22 84 50 56 81 2 6 18 70 86 96 94 9 63 68
56 46 56 42 42 67 42 86 95 39 64 42 89 80 9 3 44 24 39 2 1 100 59 83 30 5 30 67 46 28 78 81 18 70 56 86 53 87 4 54 26 52 37 58 60 4 24 48 91 13 63 84 28 27 18 48 45 96 44 42 18 35 21 81 11 2 12 29 95 67 29 22 32 99 65 27 24 98 69 32 95 89 50 73 46 69 14 82 48 47 8 83 91 61 8 14 53 76 77 75 75 74 98 63 26 1 31 57 76 1 58 41 85 23 42 6 95 91 47 79 43 3 10 48 77 0 84 13 42 81 68 78 64 39 68 93 63 71 93 96 24 86 74 67 77 9 64 91 54 87 48 41 84 53 84 82 63 28 12 42 11 55 31 24 32 33 35 21 91 53 81 31 69 84 68 94 94 71 31 23 20 5 85 21 25 92 17 37 51 95 78 63 79 50 53 98 15 74 80 82
68 74 77 56 66 79 28 73 94 54 53 48 74 35 73 34 79 54 3 99 67 3 34 66 56 68 1 64 49 81 70 77 56 59 38 63 52 10 85 59 91 4 97 17 15 63 38 92 68 56 81 66 1 80 27 9 68 91 48 30 35 80 58 61 9 16 24 29 99 91 32 41 87 11 8 63 79 50 97 68 70 70 68 52 40 54 58 43 54 56 37 17 3 29 59 90 89 9 70 37 12 68 49 66 29 92 34 93 61 20 92 29 3 15 87 16 4 57 22 13 70 87 25 88 87 58 0 75 77 46 22 21 51 25 26 75 42 13 79 66 27 31 40 55 71 9 73 67 59 45 61 68 58 20 96 3 87 17 65 66 65 74 90 92 44 40 53 39 74 87 59 37 29 16 12 41 51 7 34 12 60 79 69 39 46 60 10 8 99 59 18 53 58 87 34 8 3 91 73 60
28 79 6 82 12 13 70 99 52 1 51 33 79 90 58 32 42 58 15 16 91 3 59 76 56 12 34 32 92 76 77 15 31 65 46 82 27 16 23 65 90 42 24 15 84 26 40 3 100 66 13 42 39 15 62 34 88 57 14 5 88 62 67 7 4 73 92 24 75 86 47 66 5 100 77 85 60 3 95 99 10 52 93 74 100 86 5 52 74 50 26 39 10 44 5 93 65 43 44 33 99 83 21 54 66 90 50 40 62 2 10 89 84 32 30 13 4 8 2 41 96 63 37 21 22 88 96 0 88 57 68 54 12 23 32 99 38 72 44 6 55 30 65 7 36 65 71 22 95 98 40 6 74 36 88 69 43 68 85 80 1 20 18 25 3 11 55 95 54 16 11 58 79 13 6 40 57 89 83 83 32 71 72 4 79 97 97 28 75 37 99 65 92 55 18 86 51 12 77 2
89 49 53 42 32 38 67 74 59 20 33 51 42 89 59 86 75 15 10 11 90 28 22 98 84 93 5 81 82 13 87 44 92 87 83 78 9 9 26 37 79 87 98 76 88 67 57 14 38 87 100 29 7 54 78 60 22 54 65 42 60 82 72 17 34 74 29 42 46 11 89 65 5 77 72 2 100 26 19 85 69 36 17 20 12 34 27 39 41 27 36 53 20 99 83 20 12 83 36 25 88 71 98 93 16 38 69 59 54 36 31 31 92 15 30 2 5 36 58 87 66 91 65 86 75 57 10 23 0 78 45 62 76 51 29 92 62 20 83 44 26 100 44 10 92 54 2 24 48 55 40 93 32 48 86 55 64 77 24 68 28 75 56 48 27 94 38 42 49 43 82 73 38 91 7 76 3 96 43 29 54 42 3 53 65 28 85 56 32 17 78 73 44 4 37 87 66 14 25 18
99 6 38 11 48 58 95 78 46 14 38 95 64 17 92 59 56 70 83 31 54 63 13 9 82 24 39 50 33 19 30 59 63 52 44 68 64 70 55 62 95 59 53 20 46 73 87 61 67 97 72 60 14 88 100 23 24 15 42 92 19 20 73 65 60 47 26 31 46 6 15 46 3 43 14 50 83 77 81 81 39 86 76 75 16 8 52 30 88 87 19 19 38 5 19 4 77 83 99 68 73 84 44 72 54 35 8 80 84 70 41 33 12 8 8 84 47 10 64 75 60 66 4 82 56 3 7 8 75 0 9 12 35 46 28 25 90 71 59 20 54 41 99 15 67 29 24 79 51 20 23 72 3 30 40 96 17 90 14 26 45 50 97 4 64 54 71 50 75 12 98 25 32 98 21 96 65 4 85 62 84 63 18 92 90 59 22 16 76 80 81 39 44 98 10 79 76 98 89 91
2 71 25 95 90 55 32 87 41 87 32 55 75 60 4 53 80 42 80 54 91 85 21 22 35 23 100 33 1 73 25 65 85 81 71 30 52 63 67 4 74 31 64 21 33 79 33 26 50 81 5 89 78 83 90 31 15 28 81 59 56 26 4 36 27 10 89 27 90 60 70 72 76 92 70 81 44 75 96 95 70 78 81 30 1 4 18 63 45 54 87 44 37 20 85 38 4 62 27 73 96 4 27 97 91 29 66 89 17 58 57 89 82 6 82 15 8 33 12 29 83 13 42 36 93 76 73 25 88 44 0 52 89 38 72 95 30 63 40 87 20 73 90 26 79 24 73 5 75 27 42 50 85 91 85 63 12 50 30 44 60 51 1 56 86 72 63 9 28 32 55 30 18 46 84 12 85 2 59 73 3 38 54 17 64 59 54 57 75 22 10 13 47 29 14 24 4 35 27 39
1 74 11 78 84 58 43 6 4 50 11 96 89 66 15 8 45 13 7 89 93 68 24 72 75 26 64 64 47 41 34 33 96 29 12 8 13 8 89 33 75 6 82 46 16 21 19 88 48 40 2 79 27 95 71 54 71 75 6 7 44 27 41 80 77 2 66 55 33 47 60 64 18 69 29 48 92 61 51 68 77 28 97 74 32 97 69 63 12 78 31 42 54 10 60 40 85 63 52 40 60 41 21 41 30 39 74 54 26 60 47 61 45 33 21 7 24 81 88 46 16 68 30 49 97 84 51 16 3 85 51 0 15 47 5 16 12 85 84 77 71 85 76 30 90 7 6 9 73 15 35 53 24 81 10 32 62 22 67 66 17 95 1 47 47 65 3 13 70 6 100 40 32 29 11 46 20 100 1 31 57 14 99 39 56 51 2 73 12 4 22 72 94 70 13 96 69 55 47 100
47 22 51 93 60 51 55 85 19 71 33 89 99 20 57 12 79 76 6 85 81 47 25 94 4 11 23 86 32 80 65 80 78 11 33 10 100 1 43 68 66 44 23 28 98 98 81 86 33 26 16 76 46 51 71 72 78 18 30 13 81 68 1 18 44 60 74 29 91 94 95 27 46 55 81 60 74 71 55 66 69 77 98 85 38 77 38 38 21 100 29 72 83 7 83 23 33 1 2 26 26 3 11 54 50 21 24 33 76 91 15 40 76 47 7 93 82 80 17 4 81 76 54 64 31 14 51 28 67 79 9 83 0 25 98 7 89 47 33 32 31 8 74 41 52 17 74 71 80 57 77 16 73 9 78 68 93 72 68 30 88 85 17 56 83 63 42 83 91 8 64 18 9 29 61 1 30 65 33 13 66 68 79 91 67 33 83 31 63 48 74 26 74 61 48 29 45 41 64 87
13 14 92 24 92 60 55 8 89 99 81 59 3 10 26 50 60 23 45 3 18 52 66 28 9 76 82 54 58 14 14 15 19 88 15 64 40 73 88 92 98 36 85 96 50 36 86 46 13 16 99 80 37 42 74 9 74 85 77 53 14 63 11 47 65 60 5 44 53 2 21 67 45 3 25 80 1 22 56 81 73 67 54 18 70 62 90 51 1 88 69 12 77 95 28 44 59 63 8 42 95 6 73 23 74 69 89 32 18 67 59 44 42 94 32 77 67 79 28 28 74 87 68 53 10 71 39 16 60 7 22 60 5 0 31 96 42 77 74 82 2 70 64 79 68 38 97 36 45 16 22 6 55 96 28 100 26 50 11 43 56 49 80 86 76 89 14 67 47 69 65 15 43 61 60 33 3 38 13 42 78 79 39 63 99 61 27 68 18 2 26 68 73 26 69 53 93 89 18 57
45 51 99 49 7 94 28 28 51 66 86 43 65 83 37 4 10 43 13 85 77 39 80 3 89 11 75 82 15 54 28 66 62 11 71 82 43 15 95 68 58 70 3 38 92 23 48 92 87 43 18 10 19 40 34 31 14 44 70 49 46 31 23 91 69 89 54 100 97 70 18 50 22 82 89 76 77 36 61 87 42 8 49 79 60 20 4 100 99 17 33 39 18 74 100 54 22 13 55 59 87 40 5 1 89 89 11 11 6 58 88 10 71 44 86 40 44 62 61 14 15 77 84 82 35 5 54 42 25 95 95 65 23 44 0 59 41 21 28 10 49 97 65 64 75 54 73 87 54 87 87 70 78 52 89 20 20 29 50 30 32 30 34 66 32 19 72 37 87 97 95 1 37 96 32 86 29 83 5 45 24 33 19 83 20 9 73 41 41 100 70 4 34 5 51 99 87 18 83 90
82 9 98 73 100 89 41 69 73 2 70 99 35 90 50 79 30 38 33 22 8 76 64 35 15 2 86 34 3 31 4 23 66 33 73 22 9 19 6 90 9 3 17 23 45 38 12 58 30 39 60 48 97 58 67 80 7 54 31 21 63 100 100 67 71 25 67 83 44 2 16 81 32 94 81 69 29 50 4 49 67 28 68 42 96 72 50 82 3 75 65 45 59 100 7 43 26 61 90 100 34 82 27 97 98 32 20 30 68 32 28 100 82 1 87 33 70 47 55 42 54 30 54 69 100 3 60 30 54 61 96 95 82 2 30 0 18 24 19 40 38 92 94 58 18 13 74 2 29 98 76 92 19 77 100 48 63 69 17 69 97 8 65 98 21 4 73 23 49 57 13 70 96 40 38 35 100 26 7 17 5 100 85 41 98 14 79 20 67 94 78 44 4 30 26 91 13 96 4 36
86 69 48 26 21 64 70 38 69 81 81 55 18 77 32 88 83 71 45 30 2 51 58 66 66 99 78 29 45 63 68 6 12 97 46 76 32 92 24 17 38 65 86 62 91 40 76 52 73 80 92 85 24 57 25 51 92 80 42 14 61 88 73 5 72 4 5 7 58 1 6 90 7 62 35 100 93 13 36 56 88 67 62 55 64 75 16 19 81 39 51 3 86 35 23 73 66 14 11 29 66 75 83 78 39 16 17 86 31 29 38 61 41 90 14 86 62 13 29 94 54 67 19 40 12 9 91 57 49 48 95 32 1 44 19 73 0 83 32 75 92 22 34 33 63 36 32 88 51 64 60 65 35 90 16 48 21 42 29 79 71 37 53 73 1 11 18 82 3 82 13 96 38 21 87 9 94 97 6 71 74 24 11 57 71 26 71 48 30 53 60 56 97 3 73 9 100 87 84 36
32 32 19 54 35 57 89 50 57 42 83 37 31 2 42 67 70 58 70 53 34 60 72 59 92 75 76 47 16 94 39 45 27 59 42 68 12 2 86 40 25 14 99 73 53 99 74 93 32 69 56 38 90 56 55 18 11 72 31 83 91 3 26 5 25 41 99 41 85 67 5 63 7 75 50 15 90 58 74 61 28 99 90 99 74 36 4 3 84 39 29 29 83 27 1 76 34 82 38 27 22 69 15 35 13 49 61 48 76 28 50 37 4 86 70 12 14 9 96 9 73 43 27 9 5 85 60 54 98 11 65 93 47 67 30 37 27 0 18 51 6 36 33 91 76 70 47 15 37 94 19 18 36 44 77 40 67 57 38 52 31 29 12 18 87 68 62 44 47 99 15 1 38 46 36 64 74 39 33 78 46 13 53 2 43 35 89 80 59 59 53 28 32 10 28 28 77 44 93 61
78 51 3 85 76 33 42 13 19 31 82 34 31 29 71 57 96 82 18 87 26 14 71 24 47 95 91 52 11 92 9 27 11 9 99 41 37 82 30 94 71 66 86 59 96 12 43 38 54 99 28 62 22 83 44 85 34 6 95 12 17 12 97 8 52 99 82 69 47 26 53 76 50 35 66 85 65 27 6 45 9 97 9 32 53 10 91 66 79 68 49 90 76 60 86 72 47 18 14 91 88 55 35 2 12 100 66 77 6 53 15 22 21 23 2 57 37 27 45 71 40 44 96 30 14 76 80 69 34 33 87 33 86 10 79 65 77 91 0 85 58 72 92 24 58 15 30 78 22 12 86 41 77 99 100 62 35 44 19 54 29 91 82 82 43 19 50 57 32 97 73 48 80 65 62 61 20 45 74 94 38 60 91 24 43 46 70 67 5 23 38 93 92 21 39 3 63 77 61 86
83 92 17 2 92 2 72 67 89 36 14 37 49 83 33 82 5 96 59 56 36 61 65 20 72 96 45 45 67 38 5 22 42 78 97 20 33 16 82 86 51 40 76 45 91 64 89 38 7 33 43 29 49 16 88 36 3 87 48 29 90 57 7 92 82 72 23 97 75 21 72 69 44 46 26 50 61 67 23 92 46 73 66 77 63 90 79 45 56 64 64 30 25 74 39 69 14 56 72 54 83 83 74 77 48 72 65 41 87 72 87 53 90 64 8 49 22 77 98 62 84 62 12 17 31 77 29 29 98 76 96 3 48 13 39 9 85 4 97 0 30 87 75 49 69 85 86 20 52 66 44 24 39 18 49 82 45 56 2 88 23 39 46 47 43 58 7 76 6 93 56 62 20 11 88 100 59 61 19 91 47 32 10 22 37 98 25 64 31 17 37 85 43 52 80 45 34 98 76 77
83 20 14 72 40 2 39 17 88 53 7 9 89 83 81 80 60 12 55 55 47 52 50 73 58 29 53 17 25 75 46 86 97 56 25 38 37 100 4 28 23 77 94 2 91 8 40 34 15 57 69 87 24 31 57 89 4 11 8 25 56 97 60 35 8 39 36 45 24 38 7 17 45 30 56 34 53 30 51 43 19 76 64 27 47 54 94 28 64 13 23 99 91 64 10 43 87 52 93 13 97 11 56 20 2 47 2 36 66 25 66 53 95 57 5 81 27 76 74 1 59 95 37 39 48 69 100 16 78 20 75 98 47 40 76 24 85 49 6 45 0 51 73 81 62 8 33 50 55 1 85 27 75 84 65 26 55 78 71 54 76 67 50 26 92 86 43 37 7 62 94 74 2 43 43 45 87 62 47 60 94 92 97 3 99 8 40 94 82 79 87 77 68 75 22 54 58 20 34 61
95 70 24 44 80 11 34 84 32 4 19 96 14 85 21 28 49 6 15 45 67 12 95 55 23 73 64 71 61 42 21 50 5 25 90 22 94 6 7 11 88 19 86 81 62 20 96 80 13 32 99 19 23 60 37 57 27 31 85 49 37 7 2 58 36 46 89 10 91 77 80 54 33 66 91 6 96 92 86 21 71 7 75 48 34 63 49 36 82 29 32 29 26 20 43 19 46 94 60 10 90 60 39 22 97 14 90 93 34 25 88 25 86 65 39 5 20 23 94 58 77 88 2 49 100 52 4 83 73 73 23 57 12 78 28 37 97 70 52 33 41 0 97 20 51 76 10 35 20 4 26 63 73 92 72 1 14 7 25 35 49 46 90 43 19 49 19 53 45 69 51 88 10 77 9 5 38 79 89 16 94 12 84 79 79 87 48 15 61 58 19 18 33 45 29 27 92 29 56 80
96 69 76 22 12 10 24 84 44 52 55 77 60 74 2 87 90 14 93 40 92 74 75 96 30 70 47 95 76 15 89 41 68 40 46 58 91 7 56 31 72 70 3 62 80 55 39 97 68 40 22 50 8 7 21 74 54 77 44 79 67 77 5 22 44 79 61 41 31 42 81 81 10 67 34 60 20 91 16 49 95 90 96 31 10 49 44 83 68 69 55 24 29 17 21 45 28 34 68 98 48 57 32 99 62 89 56 66 39 21 73 73 62 4 42 83 65 59 21 83 81 8 61 81 90 8 5 21 39 9 83 30 90 97 97 40 44 41 20 60 32 87 0 9 31 13 46 69 44 36 35 20 30 19 40 49 19 42 62 52 59 47 24 68 19 41 78 87 24 25 79 15 63 61 35 81 10 40 96 21 4 21 43 31 73 91 29 44 80 13 59 46 62 99 55 21 59 45 83 42
99 55 79 72 73 49 10 36 63 51 57 53 94 83 20 5 59 21 97 82 54 28 46 32 94 27 29 14 54 83 2 88 74 31 69 28 5 56 68 79 33 70 19 89 91 50 38 48 24 50 83 70 9 9 12 74 47 16 95 64 19 97 25 79 84 69 32 62 44 38 93 38 60 69 52 67 82 50 8 89 73 64 42 24 20 82 13 31 42 24 89 90 14 33 13 19 29 98 69 27 28 51 76 32 44 68 21 60 67 43 8 83 65 36 23 34 47 33 73 84 26 68 63 89 11 65 30 13 2 96 36 82 100 15 46 37 18 40 37 19 58 21 20 0 74 92 55 90 29 22 52 88 37 12 40 93 65 94 71 43 80 90 61 9 96 85 86 99 55 69 35 70 66 76 40 97 100 39 20 27 48 93 57 58 84 2 85 70 25 24 22 58 37 77 32 80 41 17 48 71
7 17 22 6 97 56 24 59 51 21 14 5 1 17 34 50 48 98 29 43 90 9 89 45 88 40 4 32 100 78 21 62 12 11 86 86 85 43 98 34 43 10 75 50 72 98 34 69 3 60 13 12 47 31 82 49 28 18 51 98 94 24 90 48 71 90 57 2 6 59 12 81 53 79 18 4 90 14 9 91 18 10 62 65 65 88 68 50 10 43 64 66 54 94 1 36 83 26 53 2 15 42 55 34 44 23 71 32 55 91 71 92 52 34 15 6 48 19 51 96 9 47 15 44 17 32 71 39 2 84 36 18 69 4 48 23 6 2 17 17 70 100 72 55 0 18 76 27 95 43 77 67 75 94 51 92 24 58 66 81 9 36 55 88 69 3 67 5 89 48 4 86 97 87 22 56 30 23 42 68 79 2 25 48 74 57 74 99 22 66 1 77 30 54 95 36 28 90 37 80
71 76 46 89 63 60 15 3 3 64 2 93 55 22 39 30 86 45 97 56 1 29 83 5 90 16 53 56 55 13 94 87 47 18 35 86 22 82 54 25 67 28 19 2 11 39 71 77 39 62 91 31 82 82 75 44 48 37 3 44 94 25 96 8 63 90 12 54 71 28 52 66 46 92 18 47 19 24 86 85 33 41 28 8 73 65 46 33 33 58 56 8 77 26 13 90 36 67 44 51 94 4 71 35 71 28 18 96 34 98 95 55 35 34 4 87 98 24 82 86 9 6 9 4 23 47 28 81 55 81 23 18 26 94 82 74 76 91 99 61 6 16 50 45 51 0 52 12 17 68 48 42 74 12 6 24 8 70 36 34 57 5 89 41 11 89 27 37 24 63 65 5 10 61 75 84 53 19 64 71 28 53 32 67 5 46 2 56 40 76 11 2 62 81 71 47 71 25 31 29
90 5 92 5 55 88 47 76 37 20 62 29 33 67 77 40 19 50 29 26 40 18 61 48 8 45 98 56 16 95 81 33 46 10 2 66 92 55 11 78 91 34 28 99 97 51 62 57 52 70 79 44 60 59 21 68 35 31 99 72 84 83 58 33 62 26 83 13 65 21 88 59 37 45 69 16 94 29 69 90 44 20 37 52 5 21 97 99 19 73 57 100 61 57 13 26 73 32 48 68 3 96 1 98 37 4 83 80 86 44 91 28 96 81 79 54 57 70 33 92 32 76 85 35 81 68 43 51 50 82 100 81 80 78 86 15 42 36 59 20 16 98 23 98 42 77 0 100 76 17 31 54 12 46 47 46 69 95 94 15 28 27 30 64 32 22 48 85 79 43 69 40 23 7 5 73 77 51 27 57 80 70 80 88 61 34 68 33 55 35 61 6 89 3 1 28 55 3 78 80
5 62 99 63 73 1 70 55 15 55 60 30 86 78 49 34 94 98 49 26 75 16 50 100 7 46 23 95 88 45 92 91 13 82 58 55 83 53 85 18 46 87 5 54 72 91 86 5 72 40 11 32 4 68 61 20 37 84 59 2 27 54 29 51 7 23 14 33 59 35 58 29 78 9 28 57 52 4 26 16 5 62 42 43 79 70 13 31 44 17 79 68 26 84 54 96 68 37 42 4 36 35 52 18 97 87 97 24 62 29 26 24 43 66 30 85 34 18 16 36 71 73 17 74 39 38 51 37 87 40 15 1 43 53 21 29 37 48 18 31 100 25 62 28 21 14 3 0 95 28 56 92 84 70 80 50 91 45 68 20 58 1 13 81 80 6 77 63 43 74 51 33 77 28 6 30 33 76 8 24 80 50 77 58 58 9 98 86 48 85 74 17 53 57 38 52 52 76 39 3
20 62 94 88 51 33 95 78 87 66 11 94 62 82 55 78 87 33 56 72 29 30 8 50 88 15 60 16 90 1 92 85 55 71 32 29 100 68 100 5 73 55 19 17 89 70 15 72 6 97 76 26 9 8 34 14 35 79 27 92 53 90 30 68 53 8 25 9 97 75 45 37 87 17 59 97 2 54 97 43 88 33 15 98 89 15 100 58 43 98 84 5 94 46 38 38 25 98 29 15 2 29 34 12 30 10 93 78 65 100 90 20 49 54 66 45 92 36 70 82 67 67 5 51 20 2 77 93 92 76 100 5 34 31 24 59 10 33 48 39 65 6 96 79 80 51 15 95 0 99 86 24 74 68 22 36 58 32 48 93 58 46 18 26 5 69 43 17 25 79 95 49 61 15 28 5 20 42 56 84 8 49 10 55 42 18 16 15 62 86 42 80 73 54 16 27 48 76 56 66
12 88 54 54 32 46 16 51 59 74 18 92 15 3 78 41 45 24 76 52 66 97 32 16 65 56 7 23 66 11 90 40 38 5 76 84 72 23 20 52 4 21 92 58 54 17 56 7 32 71 74 18 75 69 28 59 84 69 2 66 63 89 90 21 12 99 41 63 41 25 80 43 42 66 82 68 95 98 8 30 35 50 62 85 70 31 4 52 64 81 25 41 10 83 67 43 26 50 4 79 30 61 98 4 86 38 69 37 47 46 20 32 74 94 69 25 25 35 59 83 90 23 49 94 53 88 21 20 28 41 1 53 9 31 8 66 32 1 76 81 86 23 78 87 57 43 70 5 60 0 93 90 60 6 96 53 42 70 25 21 18 50 100 12 35 8 86 1 47 100 98 43 48 27 74 94 50 76 8 50 95 93 35 20 2 36 80 30 34 10 70 90 15 11 61 94 79 100 74 98
6 90 42 14 86 24 42 74 24 42 9 4 31 14 56 65 83 27 58 82 49 93 26 84 73 84 30 18 99 25 33 14 23 93 20 54 39 59 52 20 63 88 75 76 11 80 70 73 87 80 22 59 30 6 18 84 71 61 55 28 81 58 88 93 58 86 97 30 87 25 31 63 2 2 10 18 32 55 81 85 16 16 5 56 91 43 61 68 1 22 93 20 4 17 58 7 87 33 8 59 74 50 85 60 93 20 85 63 62 3 55 36 87 37 83 78 75 30 28 43 39 31 72 63 16 48 17 57 3 14 98 3 9 61 50 30 36 33 21 18 29 92 9 59 68 39 99 72 21 68 0 18 6 41 39 63 73 64 40 97 2 12 1 83 32 98 60 20 21 11 23 37 40 30 61 90 76 39 100 10 2 75 89 16 55 83 20 74 40 58 49 55 66 71 13 54 66 18 49 44
9 18 52 34 91 23 83 31 77 65 86 11 73 8 33 69 77 53 96 26 6 45 98 39 34 21 28 79 63 10 1 96 99 37 5 84 85 6 70 27 42 60 14 71 67 92 39 14 92 55 12 43 18 65 53 52 17 12 8 95 65 8 92 8 54 96 54 62 10 69 70 24 81 86 24 65 51 67 52 75 13 10 99 25 73 62 12 55 23 18 98 50 92 86 34 100 35 8 54 56 96 70 99 98 32 53 40 14 62 1 21 35 79 20 43 43 73 76 76 67 89 89 69 99 2 47 74 51 96 99 51 28 93 67 44 78 63 55 42 38 86 99 92 71 27 70 78 77 72 48 85 0 65 42 27 43 35 41 58 34 97 23 78 7 43 20 50 63 88 64 3 57 72 54 95 53 46 19 29 29 84 30 48 47 48 42 83 58 94 25 57 32 99 24 70 75 44 46 6 14
3 61 84 7 53 38 22 30 49 49 43 40 92 22 49 73 41 42 20 11 19 52 75 61 9 73 17 55 77 18 23 62 28 37 76 26 60 27 49 13 27 69 46 39 68 32 56 76 24 57 24 14 58 96 44 16 66 36 41 39 66 92 53 70 90 69 34 7 82 52 70 67 49 61 84 78 88 56 67 45 4 95 22 35 4 80 96 95 71 45 13 34 8 37 16 12 38 100 94 25 78 21 86 56 43 67 23 24 38 3 88 29 42 61 94 94 53 33 95 96 11 86 88 5 7 67 28 90 47 94 12 78 17 55 94 16 60 26 38 34 8 24 49 55 57 85 68 30 12 65 69 61 0 67 81 36 100 74 40 41 13 82 52 24 48 75 53 21 87 9 71 25 84 94 51 52 82 62 65 24 5 58 67 82 92 10 41 8 55 25 60 35 29 67 60 14 40 67 91 94
76 89 93 60 2 37 61 28 41 56 53 18 29 78 100 58 1 1 43 40 26 90 74 26 50 13 8 50 74 49 58 75 28 89 16 3 4 48 4 72 65 32 100 27 70 33 78 26 70 92 86 80 53 30 74 27 64 25 8 48 62 55 21 55 60 24 25 26 57 49 83 50 58 5 50 9 14 91 56 76 14 58 38 28 99 24 100 16 22 30 71 9 32 18 56 26 21 99 94 21 51 65 3 89 24 48 43 69 32 59 66 33 84 100 55 32 77 50 33 38 85 13 97 43 31 21 55 76 34 41 1 60 60 98 90 49 43 25 80 64 83 85 89 86 5 41 94 88 91 28 100 38 45 0 49 86 84 64 14 51 97 22 3 78 31 77 24 7 58 22 23 56 96 12 95 12 57 1 62 2 77 93 23 73 22 2 71 99 42 51 57 55 77 12 61 88 38 17 59 67
40 15 87 63 55 19 82 39 68 36 2 55 25 91 71 69 36 88 71 23 79 100 51 60 100 1 50 55 66 82 57 24 87 72 52 18 7 20 21 83 38 41 22 26 77 12 47 15 83 38 28 74 37 7 4 33 22 25 59 31 49 90 85 81 55 14 11 36 6 54 85 99 18 85 41 46 58 37 36 19 38 30 46 96 10 51 63 54 27 84 3 97 40 50 77 15 1 100 15 57 83 79 97 91 62 73 72 80 10 99 29 66 71 38 55 62 73 1 85 47 32 53 23 28 4 54 14 16 11 92 69 86 21 37 47 39 17 79 47 78 91 51 59 82 89 7 40 72 81 46 33 17 19 42 0 78 28 55 50 47 19 38 88 41 54 54 61 35 68 67 47 25 30 39 100 30 78 92 57 80 20 8 55 76 11 38 97 25 94 91 70 36 4 3 21 50 85 25 67 71
17 60 59 55 11 44 5 57 3 84 3 73 32 9 27 57 53 35 99 8 53 27 65 15 96 56 63 77 67 34 58 32 99 44 33 8 62 77 13 24 23 97 2 43 91 88 73 65 16 92 68 26 25 55 44 58 98 15 22 89 49 89 60 76 41 95 23 49 54 89 21 96 45 99 83 7 78 29 24 55 15 19 27 71 26 54 63 45 22 63 73 83 10 54 79 31 47 61 51 98 79 50 49 73 89 22 36 5 99 4 37 29 42 62 34 61 1 18 70 65 97 79 98 42 87 69 80 1 65 18 77 66 66 79 37 30 20 31 29 64 25 62 16 24 70 96 83 33 89 54 97 49 89 13 79 0 75 78 63 79 28 92 43 67 21 66 40 8 52 81 20 64 4 85 69 21 22 82 64 39 22 23 22 59 99 85 44 37 13 81 6 43 31 99 42 51 56 91 17 8
94 93 54 11 7 5 6 95 79 6 8 38 78 30 26 98 92 6 16 28 13 84 23 98 68 34 92 35 55 53 74 35 53 54 62 12 3 72 74 8 23 14 67 83 81 34 58 4 14 94 41 43 23 38 87 50 4 30 98 89 57 57 92 6 37 42 66 45 20 34 15 42 88 91 81 84 68 19 55 86 89 64 27 80 46 55 16 28 46 90 30 90 95 98 33 93 89 13 64 54 75 68 94 38 53 32 54 15 31 34 35 43 49 45 18 37 11 43 84 48 39 66 30 49 88 4 6 19 61 97 78 61 39 13 24 84 32 78 90 25 85 82 3 61 68 8 22 83 1 71 41 10 38 55 65 16 0 17 64 75 30 15 76 66 17 77 65 28 27 85 47 26 98 7 35 44 74 93 69 43 90 29 33 89 69 72 64 70 9 18 61 81 20 84 6 83 45 45 89 17
65 78 70 96 86 28 90 24 8 78 92 22 66 58 92 10 67 8 45 15 17 82 40 82 42 11 85 85 6 54 72 49 48 80 20 33 13 69 70 93 36 84 18 29 22 49 97 6 30 91 31 31 64 29 71 20 64 42 95 91 64 73 30 63 13 74 19 6 38 77 63 81 25 14 62 1 8 14 30 56 39 69 93 86 78 1 24 17 10 33 59 23 83 29 11 51 52 9 62 77 58 21 18 6 58 44 24 75 38 92 2 92 62 65 55 76 23 95 26 11 55 17 14 32 66 39 52 81 41 52 93 80 5 65 10 26 34 92 9 17 69 80 50 58 50 79 13 33 66 2 70 57 96 94 70 70 87 0 11 24 77 75 33 33 41 15 56 43 91 46 80 72 97 25 97 5 18 81 49 44 85 12 99 71 23 50 11 90 17 20 44 88 39 8 28 13 26 60 38 18
92 35 40 9 77 65 20 95 48 77 52 3 60 1 93 77 96 82 52 7 26 10 26 35 87 6 22 77 93 15 76 94 73 94 45 29 59 86 16 40 8 51 11 23 54 77 10 97 78 51 43 71 7 72 70 53 89 94 3 81 4 25 62 27 94 10 74 19 38 89 78 25 74 39 16 46 24 52 2 65 16 64 17 73 9 60 48 86 93 80 70 90 18 38 76 33 95 13 81 11 78 44 22 29 35 25 71 62 96 9 15 16 78 16 81 85 13 60 19 79 32 59 92 84 91 6 20 25 32 61 23 49 7 55 87 57 33 80 49 39 95 70 42 3 13 88 81 56 93 30 36 35 20 49 16 49 47 17 0 25 42 13 28 6 54 85 68 1 75 21 97 34 87 42 89 13 52 47 16 41 13 94 32 75 18 86 16 27 55 10 26 41 53 90 7 2 25 40 26 89
81 72 89 13 64 27 91 72 74 61 20 54 28 93 95 66 21 11 17 85 13 100 31 81 85 68 13 95 7 96 12 59 99 4 85 19 38 72 7 27 49 51 40 92 18 65 86 68 67 21 60 57 15 5 26 76 30 33 80 7 55 77 79 82 11 55 40 19 87 28 67 37 14 94 3 30 10 81 11 95 4 62 4 83 62 77 80 82 8 86 62 69 37 75 15 83 35 76 57 62 37 14 41 90 68 48 58 53 12 83 8 52 77 89 99 80 33 68 60 53 64 12 1 19 65 10 11 46 10 98 91 63 24 16 66 95 39 54 38 84 41 10 54 66 25 14 79 4 89 63 76 54 9 41 86 34 28 71 97 0 78 41 39 23 83 58 17 18 88 84 5 60 24 92 30 97 26 80 24 97 82 96 8 2 88 11 59 100 1 29 44 35 43 23 98 49 90 69 65 9
60 54 40 67 76 73 47 17 71 39 93 29 19 4 57 20 37 35 92 42 44 48 50 62 30 84 87 53 55 92 76 51 92 25 78 18 89 36 97 69 38 92 44 67 26 73 52 76 13 75 90 31 1 42 38 46 19 77 2 71 27 8 62 95 23 74 93 24 83 46 80 7 18 90 45 90 20 37 43 90 17 18 80 40 74 46 27 63 45 84 55 94 61 43 71 62 18 68 4 86 17 10 64 25 24 46 84 99 29 14 40 52 9 13 6 62 47 76 32 57 37 52 74 31 86 3 79 44 96 35 47 88 96 81 45 16 32 2 29 15 16 64 89 20 4 70 28 6 77 57 67 7 10 82 35 78 5 4 98 65 0 2 4 70 70 27 57 23 80 1 25 64 76 90 57 33 56 75 96 22 75 23 92 15 62 41 76 62 19 63 73 5 25 72 89 9 23 59 16 62
52 88 47 90 74 62 79 48 90 53 24 12 83 59 97 20 78 30 61 32 22 75 14 38 87 65 77 80 25 51 10 23 70 36 61 85 23 57 21 5 59 91 49 6 40 58 32 61 43 64 93 99 42 2 79 43 89 30 5 11 42 32 6 32 40 46 86 50 53 34 92 50 98 37 59 24 32 6 34 16 49 91 25 68 57 8 29 22 37 42 79 86 23 42 80 87 75 77 39 66 85 30 43 18 17 58 74 38 72 31 54 60 27 16 68 96 93 32 71 49 72 30 98 65 40 24 88 10 55 46 26 91 24 20 66 81 58 46 7 4 91 97 85 37 6 67 62 49 67 55 89 26 41 17 22 60 84 66 62 95 63 0 93 21 7 91 57 5 12 2 87 97 55 7 74 34 88 27 27 76 17 10 64 48 27 94 48 72 100 1 62 15 97 21 81 23 4 69 65 45
77 1 86 80 77 90 13 17 51 55 9 41 67 48 20 19 50 45 26 99 23 17 9 39 7 51 98 93 60 20 7 81 45 7 78 21 3 30 68 30 99 37 45 49 46 51 27 90 33 87 12 11 59 17 54 96 47 14 25 86 66 62 24 22 84 75 48 43 18 36 31 14 4 84 90 85 24 17 92 57 7 76 90 85 46 73 7 36 36 6 30 86 62 65 27 86 95 35 79 2 52 7 8 20 35 7 28 64 80 23 99 97 72 40 67 52 74 73 60 50 62 27 73 6 4 86 37 7 8 13 5 11 19 90 4 76 62 59 64 94 78 40 5 61 92 43 76 40 81 60 42 71 9 44 36 85 64 36 49 93 21 10 0 54 13 82 56 42 59 19 96 94 47 98 19 42 50 99 20 72 10 21 63 24 14 29 99 30 91 62 13 96 30 96 94 11 80 21 94 7
88 40 6 69 24 68 99 13 39 53 40 4 9 33 99 84 71 70 98 17 20 34 31 90 52 63 4 52 77 27 13 66 91 91 16 2 48 64 42 99 48 50 11 40 53 33 33 71 10 16 22 21 65 32 95 10 34 17 50 76 31 46 74 25 81 71 92 92 44 82 26 87 77 19 77 75 51 89 60 48 48 47 19 24 9 56 61 80 33 49 42 72 98 37 60 96 77 75 100 32 26 62 51 2 39 50 18 29 69 17 51 12 44 44 72 91 69 90 37 34 80 53 29 87 94 40 5 32 75 69 41 38 9 29 3 12 53 36 49 43 74 85 33 38 34 17 71 89 51 66 19 5 55 88 95 26 100 11 67 29 87 12 23 0 49 62 21 21 60 87 34 91 17 91 73 91 40 35 48 74 63 93 33 22 76 79 42 96 85 19 58 16 18 2 100 21 61 87 27 64
26 86 34 32 42 6 77 25 38 74 43 74 28 95 85 83 97 87 71 19 15 88 34 49 76 19 25 49 96 15 88 9 67 41 26 32 31 70 9 55 61 55 48 35 14 47 68 22 28 91 31 29 60 33 9 45 86 15 79 21 99 34 86 88 15 20 28 87 91 91 34 89 81 31 69 93 45 7 44 15 2 15 42 23 85 16 68 74 69 45 54 90 5 65 95 21 6 68 62 61 83 74 58 86 73 61 80 15 34 23 23 90 63 28 56 30 18 53 16 22 25 77 39 12 39 19 61 43 82 76 47 57 27 54 42 95 54 85 88 42 53 37 64 94 90 9 26 25 70 59 67 63 57 91 24 43 20 72 54 48 66 80 98 12 0 34 23 63 17 15 88 64 86 65 91 74 28 71 50 34 79 82 42 23 54 9 76 94 46 86 28 57 78 16 61 69 2 68 6 75
69 57 65 78 59 55 84 79 81 40 88 97 35 82 38 30 46 35 99 6 87 37 84 34 98 96 78 7 71 59 18 20 26 83 24 69 77 66 45 82 90 63 2 32 6 25 79 86 2 24 76 10 64 94 67 97 24 83 99 60 66 84 71 85 47 74 17 69 92 99 65 7 86 52 20 17 8 87 58 37 9 15 96 92 50 37 62 78 27 57 40 8 73 86 42 41 11 50 41 14 27 45 60 90 80 60 11 34 93 37 31 13 40 45 62 2 16 1 88 21 97 73 62 31 78 59 30 42 51 74 39 36 7 53 10 51 39 42 26 93 17 67 76 25 88 97 22 90 44 15 85 86 76 60 68 41 38 59 31 55 19 79 96 36 28 0 63 24 58 48 35 89 40 71 92 75 97 30 93 69 3 76 94 93 17 29 21 43 15 13 95 5 100 87 40 43 76 54 2 5
63 83 11 73 86 84 85 31 41 65 61 38 88 66 83 81 38 36 33 77 27 99 39 37 9 46 10 56 21 88 59 82 31 100 17 29 71 88 45 45 45 12 38 45 59 64 46 40 57 68 48 44 54 31 14 42 30 42 8 91 31 100 77 82 44 46 74 49 2 83 57 12 85 42 36 51 27 94 6 95 99 15 89 64 37 10 36 29 95 73 3 13 71 32 25 57 99 55 9 42 89 41 36 88 49 80 38 58 4 50 43 28 66 83 89 27 14 76 15 33 52 56 31 97 31 29 62 55 45 9 27 22 3 37 15 89 41 70 37 53 66 26 95 21 48 1 55 43 27 5 12 22 61 63 3 67 73 3 37 21 8 81 72 87 49 13 0 22 32 82 76 64 61 53 88 55 14 15 53 99 96 42 9 18 88 71 49 39 24 20 6 58 26 2 31 91 45 97 51 40
88 42 49 60 20 9 6 46 41 85 71 43 80 33 4 11 20 4 96 1 11 63 57 88 2 17 66 76 79 16 68 10 93 70 26 73 17 38 17 5 100 60 10 81 73 35 41 59 1 5 62 86 52 24 81 15 9 99 56 60 21 42 16 63 12 3 32 54 12 49 28 71 15 90 80 81 58 79 41 91 7 99 68 73 79 94 39 85 72 71 47 15 43 75 18 88 36 87 41 67 46 76 89 98 72 74 39 88 68 3 64 23 47 60 82 7 41 57 56 99 39 73 80 20 34 16 3 32 17 24 17 14 70 56 42 34 21 28 36 82 42 70 70 98 52 78 28 79 61 100 35 20 56 28 43 96 57 27 32 64 40 92 78 4 80 62 8 0 53 69 80 3 90 68 44 22 81 86 24 13 19 76 77 79 62 97 74 48 3 88 10 3 12 44 89 58 88 85 24 7
48 21 78 95 40 79 25 90 59 6 17 70 63 29 4 59 1 29 66 22 76 48 23 20 95 1 26 47 55 4 80 31 41 44 82 86 6 81 73 76 49 63 31 80 57 48 31 84 2 49 72 87 23 36 32 21 86 80 31 55 40 1 93 72 76 62 72 34 33 100 84 89 18 69 49 76 50 69 7 66 89 15 13 41 29 28 96 49 52 3 80 74 45 85 62 93 85 31 72 52 8 32 19 37 63 68 71 85 5 73 12 21 5 46 19 9 82 13 42 15 50 97 33 90 82 43 17 95 94 4 58 40 57 88 36 67 36 61 49 78 83 87 94 33 22 55 75 99 13 90 96 100 59 75 62 70 40 7 57 82 54 88 86 18 48 92 60 97 0 44 47 47 50 63 80 66 89 2 52 81 42 27 71 17 56 52 51 59 1 47 86 6 26 3 59 33 89 22 8 84
45 56 51 13 18 23 2 70 82 63 8 50 52 35 12 93 70 56 64 96 24 2 2 28 3 38 50 17 14 63 85 62 68 27 60 11 82 19 15 52 72 45 51 44 31 90 14 48 68 24 83 61 3 14 90 83 24 46 56 12 6 26 42 84 90 38 22 22 30 44 23 86 91 17 46 45 100 19 88 2 8 100 2 58 50 98 23 27 74 71 69 68 58 40 83 36 43 96 81 4 70 38 8 82 71 66 44 11 3 55 27 43 23 15 79 40 64 79 95 20 37 51 42 91 61 44 89 40 22 62 42 2 93 8 100 46 83 9 61 88 99 6 98 91 45 30 2 73 2 21 69 50 69 44 18 63 50 15 47 15 65 87 72 77 16 39 38 84 69 0 50 10 66 38 55 13 31 78 56 13 42 37 59 93 41 94 34 9 86 48 72 61 8 42 53 63 35 72 90 7
35 35 84 62 55 18 55 32 45 62 2 26 80 95 5 24 14 8 94 16 75 100 8 79 41 94 21 8 2 78 90 2 3 30 64 85 46 28 37 24 50 72 95 9 69 20 81 29 55 74 56 38 94 6 23 58 93 1 21 22 48 9 14 31 24 69 65 39 75 76 38 4 63 89 56 92 39 50 76 88 50 93 75 67 91 46 24 37 80 42 33 49 63 60 75 79 34 6 56 49 66 54 1 96 30 61 97 69 37 67 61 94 17 5 63 23 62 60 24 97 82 3 28 66 86 6 61 76 65 95 29 66 23 9 79 73 65 8 17 28 91 13 5 46 74 82 57 23 19 67 46 97 11 2 39 40 68 16 31 64 85 29 63 71 30 42 32 82 78 85 0 9 51 12 10 27 28 35 99 17 10 22 48 87 41 47 32 86 67 79 74 54 99 94 4 98 3 91 6 55
51 15 18 56 16 94 6 81 65 50 42 63 57 47 63 14 13 99 85 12 39 2 20 5 8 20 52 31 98 90 71 25 85 19 1 30 26 44 35 95 60 66 89 34 95 54 64 40 6 77 24 53 9 5 77 69 35 64 73 50 88 91 65 21 98 66 99 97 86 22 44 74 61 95 61 62 20 15 51 80 59 22 83 34 56 36 59 1 68 84 38 30 98 47 2 32 89 64 80 43 18 100 8 94 29 49 50 72 88 23 79 95 88 43 64 7 25 59 96 66 8 9 24 76 47 84 12 85 59 53 16 12 85 34 16 74 35 40 11 44 16 80 94 49 58 10 8 11 19 90 73 4 62 36 39 44 51 51 81 17 30 37 46 9 32 29 80 7 95 76 78 0 81 19 75 86 81 72 65 55 43 2 90 26 90 86 19 67 16 55 45 79 71 29 24 16 26 77 71 32
88 37 33 13 12 33 13 8 72 50 10 53 58 2 69 14 12 49 88 56 3 94 9 66 64 29 14 72 46 23 29 87 94 66 19 21 88 31 45 91 41 89 51 81 37 8 88 15 31 94 62 25 99 68 34 20 20 16 47 31 10 42 24 50 37 1 6 38 54 8 70 25 85 60 87 61 48 67 92 91 47 45 100 36 61 6 66 39 38 88 55 12 17 31 86 46 4 2 2 40 73 56 42 84 39 19 53 79 50 59 3 59 68 35 56 43 32 95 96 73 23 85 6 41 56 81 1 49 91 78 44 38 6 27 24 30 44 27 83 60 63 89 31 91 40 10 85 47 49 87 95 60 22 26 69 76 38 44 31 23 68 12 66 13 33 70 100 41 52 95 44 99 0 93 92 62 7 58 97 39 43 71 27 89 89 88 43 38 78 68 37 26 18 8 69 41 86 25 61 97
85 18 7 32 94 73 96 38 50 80 93 38 5 51 21 81 39 48 12 47 83 74 35 80 4 66 87 2 7 78 70 65 16 75 31 79 11 94 58 78 85 78 16 30 35 28 72 91 72 71 86 90 59 71 42 75 3 27 56 16 100 14 63 63 8 94 8 13 56 66 97 86 61 30 89 67 10 67 41 91 38 33 32 65 10 71 59 2 57 26 3 82 63 74 99 4 87 20 93 62 67 61 25 45 11 21 16 97 42 92 54 29 74 81 58 99 11 72 44 73 94 1 41 66 54 61 2 78 31 40 19 55 89 8 18 93 26 77 78 69 47 82 62 10 4 7 20 83 76 95 56 12 32 32 53 31 10 33 21 94 73 15 28 50 1 91 77 77 13 98 34 29 9 0 74 13 80 68 41 19 79 51 91 8 27 70 4 39 40 67 70 67 44 100 13 46 4 21 85 69
97 67 56 57 54 47 63 16 40 62 88 66 10 88 62 14 74 63 13 44 87 65 49 81 69 18 73 5 78 67 58 51 1 37 34 25 93 91 98 42 2 69 27 82 100 9 4 13 61 20 90 87 3 44 30 29 23 85 11 47 26 96 68 78 54 23 84 36 84 63 58 88 99 58 7 70 5 5 2 5 8 69 48 36 44 19 36 73 75 78 20 34 70 100 92 30 98 81 3 94 41 95 40 48 41 17 27 74 13 67 100 55 52 90 66 67 70 72 44 73 82 65 60 30 64 7 73 19 30 51 63 81 70 57 68 76 58 54 49 50 76 96 97 86 11 50 69 37 6 21 57 11 79 62 2 49 30 84 37 50 95 92 3 27 45 52 57 87 57 65 50 3 82 56 0 85 19 22 70 21 45 74 55 100 69 81 40 59 49 51 64 4 54 83 54 76 72 73 83 43
62 65 61 45 12 84 19 78 96 34 91 57 40 31 65 56 55 58 25 15 65 46 88 19 27 71 67 73 98 58 31 91 4 24 79 54 34 96 24 50 63 81 71 57 40 29 13 2 71 57 59 97 46 65 62 14 58 16 19 59 35 3 40 85 81 57 40 43 71 35 81 61 24 77 90 75 19 25 97 66 83 77 75 69 15 23 98 48 98 57 84 73 26 46 26 37 54 72 49 45 41 86 68 32 73 52 18 100 53 69 18 71 50 100 21 8 76 36 10 38 59 81 21 96 20 90 76 9 14 53 69 75 68 91 70 74 40 88 69 3 100 47 80 97 93 53 68 94 46 16 16 87 14 62 9 80 15 99 11 32 45 8 11 83 54 68 71 57 44 12 21 53 98 41 23 0 46 27 16 74 14 47 11 70 60 66 51 81 88 22 10 60 84 27 21 10 93 17 28 26
70 70 68 28 37 95 69 59 79 28 49 81 33 21 97 94 44 43 16 21 21 90 85 81 37 1 28 51 6 49 46 29 63 25 84 38 41 45 78 67 47 36 61 18 86 16 87 16 84 37 77 69 54 53 57 6 57 70 45 74 62 56 68 6 44 49 100 49 93 90 47 64 92 84 78 1 50 59 55 34 48 69 66 16 4 86 90 73 29 31 40 71 40 88 69 90 9 11 76 80 98 77 26 2 78 99 73 33 9 22 42 79 95 18 99 76 94 77 45 84 64 42 62 21 97 72 57 81 12 69 16 2 100 99 58 73 30 5 38 72 22 89 25 54 10 29 72 43 89 91 16 81 63 25 73 58 92 81 72 19 32 49 12 72 50 95 87 1 28 87 10 88 53 21 42 32 0 96 68 1 38 61 7 64 42 21 28 54 32 30 34 86 43 71 35 100 70 73 13 89
49 43 56 11 14 44 93 99 57 22 6 14 65 21 77 50 80 84 25 2 16 87 23 71 30 89 6 68 24 100 81 40 50 68 52 11 30 4 89 98 73 39 64 23 79 53 38 97 78 60 90 59 34 78 92 31 96 4 70 53 53 40 72 48 72 22 80 60 72 60 38 45 27 28 68 21 26 22 33 28 26 82 55 55 30 63 58 34 89 53 27 69 94 73 69 54 87 50 67 96 60 2 47 75 40 93 65 18 36 92 18 69 46 2 14 29 3 39 84 16 97 7 10 53 72 18 37 28 3 83 5 34 33 66 36 88 1 25 67 72 26 38 62 71 63 99 89 40 70 46 46 46 44 83 78 22 61 71 78 7 99 14 15 74 88 97 69 51 99 8 47 57 32 9 44 90 77 0 10 31 30 3 63 29 86 53 96 47 6 57 2 14 32 89 23 12 95 73 74 87
30 97 19 72 95 10 29 52 46 84 26 53 54 58 11 32 5 57 16 70 19 14 52 9 1 91 81 36 31 52 59 45 56 58 90 38 92 71 25 58 23 87 68 26 16 11 18 64 32 20 35 86 24 30 72 33 84 58 85 59 61 80 13 40 61 17 8 34 2 76 1 75 73 60 7 18 4 93 15 43 97 10 74 35 1 63 19 8 15 82 54 82 77 99 42 83 5 43 22 46 96 42 38 94 12 77 44 61 54 22 14 71 30 3 41 49 9 23 60 66 60 22 65 96 59 31 26 26 53 12 36 21 90 71 52 20 56 51 67 12 18 32 32 91 58 70 67 21 58 2 97 13 49 44 21 90 32 93 85 37 27 100 41 32 20 83 2 31 85 98 55 90 96 80 89 24 41 24 0 77 74 43 86 78 39 48 46 79 15 6 49 10 61 24 87 93 17 70 56 21
21 48 33 13 8 5 42 52 37 2 81 50 93 68 74 56 7 20 65 86 15 2 19 37 17 68 20 65 39 4 84 17 30 87 14 68 77 11 13 90 6 3 25 91 53 25 89 91 62 25 41 19 62 96 6 75 41 84 57 93 91 38 80 69 5 15 63 5 65 27 11 50 56 31 44 96 62 86 4 18 23 91 81 6 25 77 39 72 78 58 84 64 27 100 48 33 6 77 9 99 4 50 2 49 53 78 29 16 88 40 15 46 58 10 35 34 99 15 63 51 83 84 26 95 62 38 40 38 5 47 16 83 87 26 7 82 12 96 6 27 28 21 34 90 11 10 81 16 8 96 40 41 92 12 14 89 5 13 32 88 86 35 51 49 37 49 38 50 86 41 73 30 5 18 64 39 39 47 40 0 19 5 90 22 81 18 64 46 43 30 35 15 90 10 80 84 8 2 61 18
25 13 66 31 17 3 32 90 93 73 77 68 72 69 15 83 48 52 91 56 77 68 29 7 97 53 53 89 32 94 92 33 90 72 53 15 35 39 45 89 19 94 25 89 54 8 38 77 93 62 45 85 34 47 72 38 32 61 96 75 19 50 13 81 2 55 87 67 57 20 59 51 65 92 9 62 42 27 6 85 45 29 41 5 47 24 86 60 28 100 12 90 86 6 48 83 88 31 52 61 11 82 52 56 48 1 50 56 68 20 53 3 36 11 97 96 7 82 45 51 24 9 37 82 44 56 5 47 85 15 97 11 52 58 26 6 96 1 69 4 51 18 26 47 5 47 28 38 98 33 72 66 33 9 71 70 59 90 35 65 72 99 68 67 88 39 23 51 40 50 80 7 40 70 53 21 100 50 78 14 0 26 18 34 20 43 95 18 44 23 27 80 52 34 88 79 45 24 13 9
33 57 18 5 76 2 30 46 48 11 14 63 45 53 71 21 78 81 75 42 30 17 12 23 42 63 97 9 71 84 65 59 74 27 53 23 54 66 37 33 73 99 42 60 23 67 91 68 92 48 37 43 21 49 87 1 53 90 18 1 35 15 70 33 22 5 77 17 20 15 32 90 56 3 50 11 40 13 67 91 2 87 46 54 85 78 55 96 90 55 24 65 99 94 100 7 43 87 64 1 91 58 81 10 49 97 35 93 60 59 53 90 31 83 9 33 21 28 45 9 48 76 98 12 61 48 55 5 20 10 29 54 55 94 46 31 20 65 100 82 82 96 96 49 25 55 82 81 3 9 51 88 5 2 68 82 22 34 64 67 24 86 97 88 100 80 83 78 56 100 62 19 44 8 5 64 82 72 98 23 69 0 23 92 98 27 32 6 15 85 96 50 17 16 30 39 47 18 96 43
24 3 2 83 10 16 5 50 51 87 70 32 53 100 26 16 85 32 100 97 83 28 69 66 91 4 35 7 75 40 45 70 87 87 42 37 93 75 80 65 70 44 60 8 65 40 71 100 47 26 50 4 58 93 13 55 10 20 68 25 12 32 56 40 41 89 33 76 38 100 92 42 34 76 62 91 49 8 97 83 90 65 99 100 44 93 13 93 76 15 34 70 34 60 48 53 68 12 98 26 51 73 51 68 1 29 5 28 63 58 1 97 12 95 71 36 77 12 41 48 42 26 81 89 13 64 30 42 38 10 62 65 99 80 93 95 16 97 21 39 62 80 71 35 19 82 65 76 25 38 64 17 41 10 28 47 57 86 70 31 34 25 96 76 50 74 79 99 4 33 85 61 1 99 86 88 73 8 86 60 57 26 0 71 27 87 9 39 46 35 5 54 70 55 83 9 60 3 47 61
53 71 73 46 73 70 47 83 72 77 11 13 45 35 70 6 62 50 87 15 76 17 100 37 45 83 98 17 88 60 95 10 92 7 73 92 31 52 88 53 31 55 16 35 58 28 64 40 39 72 62 100 33 73 56 85 95 49 70 11 16 16 82 63 44 19 40 54 71 67 26 81 42 79 98 43 43 33 77 1 64 19 100 9 88 37 29 31 25 97 89 88 40 3 39 39 65 90 7 68 6 67 100 43 36 37 55 42 21 13 9 6 48 70 27 67 96 11 7 26 2 91 57 87 73 17 7 19 76 94 23 47 63 100 51 34 46 29 69 71 91 27 67 31 16 17 17 74 88 25 85 47 18 39 4 53 34 19 58 74 89 82 54 75 11 15 91 46 59 43 45 48 61 41 25 75 34 72 30 65 37 13 29 0 97 61 69 8 73 56 35 4 97 78 54 24 43 97 94 4
24 31 11 3 62 56 78 61 95 21 59 52 88 1 38 1 65 84 58 2 8 50 26 89 44 45 26 7 20 81 82 5 40 74 17 23 11 7 65 92 70 30 86 50 96 75 96 6 3 62 60 37 57 4 84 96 86 57 66 33 78 67 27 52 53 65 94 97 99 58 60 34 73 4 77 43 17 72 83 52 82 36 16 55 98 18 66 46 92 71 54 15 31 72 6 67 16 7 20 8 5 33 86 43 31 15 4 8 18 43 90 46 98 4 15 46 76 73 94 96 17 41 86 21 34 55 61 79 37 64 29 25 14 65 99 42 97 99 55 5 8 24 48 2 8 100 95 55 17 56 58 3 46 49 43 7 49 20 70 52 14 65 63 36 22 69 87 24 15 53 34 50 34 24 46 34 88 12 10 82 17 71 44 30 0 46 7 51 13 81 88 8 18 74 61 52 17 92 66 38
22 16 100 94 74 57 33 77 63 41 58 26 43 11 95 74 76 82 50 55 30 69 50 46 16 63 4 38 96 32 58 37 2 93 92 1 66 37 85 61 9 60 20 65 77 80 86 99 8 74 46 48 76 2 14 26 51 18 71 47 52 28 28 70 32 61 10 40 67 45 92 90 64 61 37 58 42 76 15 71 67 29 23 36 49 67 96 87 35 34 1 22 55 65 97 18 22 25 29 12 35 93 45 85 23 51 82 88 80 90 27 37 25 51 70 13 1 65 61 97 80 100 94 50 23 74 3 2 46 80 85 63 18 2 76 64 52 62 50 53 92 54 16 83 62 97 38 81 74 67 48 28 2 55 47 73 32 24 93 100 17 47 11 59 82 96 1 80 17 15 1 68 58 45 17 56 89 15 71 34 95 54 78 80 21 0 4 46 46 76 94 27 93 51 38 98 11 45 10 77
86 55 90 24 93 17 43 79 68 28 80 45 71 39 14 46 21 92 34 14 5 34 2 10 30 68 52 2 83 49 49 7 64 41 58 65 76 59 35 29 67 97 85 93 47 75 74 60 51 40 30 60 70 5 72 21 22 88 82 72 50 16 65 71 32 85 44 39 9 58 86 3 98 53 22 47 32 55 35 40 70 61 96 62 77 10 5 56 12 38 11 83 42 94 9 61 37 1 99 79 36 47 63 85 3 24 98 29 9 51 72 51 74 87 95 19 75 21 41 19 78 79 12 43 98 81 45 82 59 7 100 55 49 74 79 36 59 38 49 61 78 86 70 4 27 86 16 63 98 98 59 27 95 11 48 84 78 96 78 82 45 53 11 94 21 6 50 95 74 62 68 22 55 74 84 52 26 29 34 55 27 20 48 76 39 66 0 8 3 86 10 52 87 73 95 23 52 42 69 67
10 57 33 7 88 4 13 47 25 29 57 18 78 95 85 3 68 14 16 35 87 14 80 82 35 54 63 80 14 85 69 62 78 46 91 69 64 73 52 94 5 34 14 95 16 12 79 61 57 28 69 34 57 99 18 29 77 64 84 23 91 71 35 77 6 47 44 55 81 23 31 75 44 63 16 46 46 43 7 30 38 53 68 97 55 27 88 24 6 79 57 12 59 70 83 89 78 30 4 85 100 32 73 39 8 10 79 47 39 33 61 61 52 57 94 7 59 35 73 8 28 8 83 66 19 100 13 89 23 1 87 37 7 61 56 48 11 29 22 25 59 73 17 78 49 44 99 73 37 8 78 61 93 21 2 94 2 96 81 34 16 59 44 50 89 87 42 2 40 14 38 4 3 6 42 14 95 50 67 58 52 12 60 2 33 91 21 0 96 64 9 94 31 9 40 64 82 87 100 16
8 100 84 84 29 58 58 85 73 62 8 21 19 28 97 29 95 51 58 54 63 26 37 45 18 67 76 71 86 7 42 14 83 66 59 58 68 8 36 50 2 4 16 91 67 53 61 13 9 99 91 79 43 3 63 50 79 96 34 61 33 51 67 92 15 98 27 92 17 66 60 29 22 87 76 35 7 75 18 98 20 41 24 49 73 71 15 41 7 19 12 97 92 82 17 93 35 97 72 56 90 71 38 66 60 19 82 90 67 71 98 50 43 86 95 52 53 66 9 73 98 65 73 13 50 21 43 14 11 77 78 88 98 59 22 88 49 18 100 88 30 45 15 95 3 85 2 44 98 21 37 52 91 80 82 47 88 22 49 36 24 96 29 97 3 58 16 81 1 54 56 36 72 95 60 7 100 2 79 85 21 31 11 36 99 83 97 72 0 77 96 54 29 58 58 41 63 29 61 4
47 63 35 80 44 59 83 77 46 37 14 57 6 89 17 23 74 74 6 79 100 78 88 92 81 4 10 94 34 90 51 54 75 92 15 99 54 12 96 26 30 94 39 31 8 27 61 17 98 42 62 56 74 75 97 46 34 95 12 69 94 87 13 82 9 19 96 68 83 50 87 47 62 24 80 35 59 19 42 50 92 6 6 53 48 79 23 84 82 7 68 76 98 51 17 89 76 49 21 49 15 39 31 64 25 23 74 28 99 36 33 92 31 40 71 60 4 54 90 50 74 18 27 96 71 63 5 85 94 93 79 97 37 43 36 49 32 22 15 70 72 74 68 68 5 93 67 98 35 94 19 45 78 19 84 38 73 70 73 3 29 4 73 36 43 47 38 22 75 66 66 57 21 91 10 83 60 88 20 60 97 77 93 11 82 36 75 76 68 0 34 79 88 38 41 47 18 23 63 30
24 2 2 72 45 31 60 15 55 93 53 98 97 22 75 89 77 26 74 53 56 92 79 81 66 29 73 57 99 42 54 39 37 12 87 87 26 54 88 4 54 23 30 11 96 73 85 9 56 37 8 77 81 12 22 95 83 61 40 8 100 36 81 49 62 94 85 82 25 10 64 88 31 56 25 53 11 52 58 55 70 29 91 55 59 38 31 95 98 52 89 11 35 5 23 41 88 57 67 66 60 59 75 75 53 82 94 59 57 65 39 23 64 36 78 4 93 12 37 23 50 100 77 59 89 25 53 90 41 23 45 65 56 29 59 37 2 10 94 42 86 53 96 31 27 42 2 86 57 79 25 78 65 94 67 18 15 3 34 32 75 8 36 78 98 83 80 71 45 40 93 61 45 28 84 33 66 57 70 44 18 22 38 57 14 74 96 74 91 52 0 87 100 84 78 36 85 72 90 95
68 26 88 98 20 52 1 56 9 68 72 27 27 12 63 77 83 53 100 39 83 67 24 56 85 50 51 8 47 63 22 16 85 9 90 21 99 18 94 15 61 39 66 29 1 39 88 33 72 18 19 85 83 21 3 40 75 100 1 97 63 88 83 46 69 6 69 88 27 92 25 58 63 30 72 67 73 35 90 88 4 97 65 90 24 67 77 99 55 78 54 15 81 30 52 46 64 77 70 92 39 48 51 40 74 13 42 46 31 28 65 47 56 90 24 21 98 79 5 51 100 44 86 17 30 36 11 67 42 98 89 36 20 31 32 38 55 68 16 41 4 87 45 8 95 49 33 82 43 39 16 65 14 41 99 67 8 88 6 82 36 29 74 98 29 53 99 88 57 98 49 33 71 38 98 23 54 7 87 59 77 18 74 8 33 60 44 34 2 65 94 0 27 41 11 29 62 38 87 18
81 28 18 23 13 85 46 27 71 87 78 32 1 27 60 15 34 86 74 24 30 69 79 95 89 46 98 73 85 99 39 59 2 44 25 68 14 76 4 9 85 53 27 66 75 34 37 43 87 60 72 64 6 15 74 36 48 1 31 20 35 73 18 59 90 42 68 1 39 90 6 20 92 97 67 75 79 13 89 97 36 76 26 76 19 23 26 47 10 88 63 60 15 99 97 30 10 53 39 94 33 51 78 8 9 97 28 29 25 60 20 23 9 76 88 92 68 54 43 26 68 47 32 78 42 97 43 84 17 6 86 70 84 21 78 57 8 24 20 20 30 83 34 67 21 70 62 59 94 79 1 10 9 76 56 74 99 28 95 100 56 87 70 75 83 82 64 18 20 10 37 94 18 67 35 14 48 62 33 50 45 50 72 35 6 77 38 3 19 66 55 68 0 31 14 97 3 99 90 59
53 66 15 21 82 20 43 55 83 20 78 67 90 40 95 97 77 98 5 57 38 33 66 90 38 33 31 61 39 7 43 83 84 25 64 31 67 76 83 99 64 27 48 82 85 7 55 78 15 71 81 51 76 86 89 68 71 82 76 68 87 88 23 23 76 33 41 39 54 100 44 29 15 81 56 40 67 83 13 52 63 73 20 99 63 62 45 52 95 19 51 76 3 98 53 33 61 52 88 69 99 10 53 47 69 19 48 91 54 44 1 56 39 46 30 65 63 16 21 76 5 76 84 87 62 100 70 100 42 96 47 25 13 34 22 47 22 36 38 30 12 73 60 24 96 15 16 61 34 13 82 72 71 9 33 59 61 30 52 72 24 73 85 94 94 41 36 95 46 82 62 37 67 95 41 90 25 70 8 15 46 92 3 98 63 96 48 59 17 69 26 34 52 0 84 67 15 56 38 30
17 77 98 50 3 25 74 76 20 88 19 37 7 29 98 72 51 54 12 12 7 96 33 93 68 68 17 15 37 4 10 12 43 58 86 100 42 82 49 74 12 79 66 88 93 93 18 57 59 88 47 30 3 54 81 3 19 88 51 52 93 94 13 71 100 35 34 31 45 88 64 22 97 68 65 47 85 71 13 67 14 44 21 73 99 1 14 15 71 98 23 87 35 34 10 6 12 54 89 28 84 10 8 84 71 57 35 89 71 82 82 57 41 8 11 37 91 31 3 33 1 84 28 66 95 88 6 29 70 100 24 1 51 71 9 4 62 82 14 22 60 100 2 95 30 30 49 82 95 25 65 6 87 40 83 24 86 3 80 97 32 96 99 61 86 76 98 71 30 25 67 15 38 15 53 94 6 99 26 97 75 51 88 93 7 24 31 25 6 48 17 8 53 32 0 33 69 42 89 88
84 71 28 81 95 79 72 94 9 90 43 55 61 43 65 99 2 67 68 73 66 33 79 45 45 89 34 70 27 89 58 90 20 41 41 32 18 1 39 86 40 69 90 44 87 59 39 3 82 13 6 64 98 93 4 63 61 61 35 44 22 48 46 97 2 32 82 26 73 6 32 100 36 62 71 52 9 4 68 7 60 15 9 85 5 100 83 11 94 51 67 76 42 52 10 73 30 100 8 21 71 80 54 81 20 91 56 99 97 100 98 64 44 15 48 8 32 77 99 74 23 48 66 53 32 19 59 53 84 1 74 97 88 89 99 49 28 71 15 98 79 57 63 65 51 84 36 60 50 99 86 4 72 68 39 8 3 15 15 17 53 24 46 99 93 84 9 94 73 54 25 13 41 97 16 7 76 26 17 30 59 24 30 100 46 60 64 8 23 22 26 50 72 87 18 0 91 17 93 49
19 13 20 93 71 69 30 64 65 27 9 75 57 23 91 72 31 92 74 19 71 57 38 94 80 21 44 59 92 20 100 3 94 55 53 73 53 43 75 33 84 24 37 61 46 31 88 39 9 34 56 85 41 32 73 69 38 25 45 41 50 22 65 6 4 44 97 43 98 1 3 1 52 96 10 33 53 34 19 45 17 45 52 18 55 68 93 25 33 87 8 36 3 40 68 84 36 74 68 61 71 13 68 69 96 18 28 49 93 45 36 56 47 72 76 37 69 82 73 20 45 19 15 56 40 49 1 43 51 16 42 49 23 42 5 21 85 11 55 70 70 39 7 25 100 43 71 68 66 84 73 66 65 82 16 80 84 22 76 84 20 18 63 99 35 13 66 97 94 5 59 95 49 52 52 92 16 63 48 41 87 13 69 29 85 79 90 93 41 26 17 19 20 77 7 45 0 75 77 15
20 72 10 33 26 18 80 36 49 74 47 81 85 95 2 53 28 46 58 49 79 43 89 32 19 35 64 51 50 34 50 36 72 78 14 75 1 20 84 41 76 63 59 13 36 11 13 97 66 24 79 40 30 47 31 78 6 24 28 33 17 29 40 93 47 41 16 78 94 56 83 96 36 10 35 16 66 15 69 57 36 34 47 73 38 33 41 25 22 51 99 95 87 67 52 34 66 100 92 71 83 86 57 18 50 20 28 98 14 6 54 37 14 5 13 91 30 4 94 63 96 89 83 7 68 81 49 87 97 100 30 44 49 93 19 33 22 68 33 27 57 80 81 26 32 68 70 71 7 57 66 94 8 54 64 7 40 22 28 97 99 29 98 91 7 81 4 87 44 39 59 43 11 86 93 58 41 28 57 51 5 43 26 4 62 29 72 33 82 39 7 58 18 78 9 67 47 0 51 48
38 28 89 89 82 92 100 23 18 10 69 90 72 28 71 37 27 10 47 49 19 83 99 4 79 80 16 51 95 91 23 76 32 37 17 19 45 88 17 1 75 64 74 33 74 52 8 23 81 27 40 46 68 96 31 99 85 38 82 58 65 32 76 43 24 88 96 25 30 19 62 53 43 13 7 27 93 20 11 4 65 42 51 60 44 47 19 26 50 28 93 44 96 34 79 69 22 21 37 28 74 80 47 35 88 17 5 87 2 82 96 61 27 67 96 2 15 28 70 23 64 6 73 64 8 29 23 31 81 92 29 23 74 100 75 57 56 98 8 45 67 88 34 6 63 38 68 56 45 5 17 18 98 47 49 23 21 52 97 67 7 77 31 54 92 11 6 65 13 86 35 10 58 91 53 73 21 39 63 54 30 12 15 1 39 17 25 100 51 45 4 84 55 40 80 74 62 17 0 93
30 2 43 75 65 41 51 43 96 61 45 52 41 34 87 45 90 25 30 14 19 14 46 77 39 25 64 16 18 42 90 44 17 83 39 28 10 82 59 9 34 27 81 84 36 17 36 11 100 7 87 100 84 94 4 8 26 6 86 90 58 30 69 90 53 68 38 65 86 48 81 58 43 47 95 74 40 75 35 72 4 53 43 42 44 4 99 40 64 60 94 91 87 17 35 24 26 48 90 98 12 67 15 44 40 93 87 19 27 32 66 48 37 47 76 41 90 58 50 78 33 8 100 50 35 95 36 57 89 66 30 80 56 2 98 51 36 93 41 87 92 81 43 16 99 53 12 68 94 1 11 49 10 46 63 4 49 56 24 62 84 75 77 75 26 83 70 52 72 52 28 17 96 12 88 8 82 87 100 72 5 46 40 6 30 91 1 32 50 23 51 99 85 84 8 14 11 69 6 0
